Workbook
Name wAC: Weights!$C$6
Name wE: Weights!$C$4
Name wS: Weights!$C$5
Name wT: Weights!$C$7

Sheet README
A1: BRCMID Project — Climate-Technology Vulnerability Index (CTVI)
A2: Morocco — National time series (2000–2024) and Regional cross-section (12 regions, 2022/23 anchor)
A4: PURPOSE
A5: A single, holistic dataset combining climate exposure, climate sensitivity, socio-economic adaptive capacity, and technological adaptive capacity for Morocco at the national and regional level, designed to compute a composite Climate-Technology Vulnerability Index (CTVI).
A7: FRAMEWORK
A8: IPCC AR5/AR6 paradigm: Vulnerability = f(Exposure, Sensitivity, Adaptive Capacity). Adaptive Capacity is split into a socio-economic pillar and a TECHNOLOGY pillar, the latter receiving the highest weight because BRCMID targets climate-technology vulnerability specifically.
A10: FORMULA
A11: CTVI = wE·E + wS·S + wAC·(1−AC_SE) + wT·(1−AC_TECH) Default weights: wE=0.25, wS=0.25, wAC=0.20, wT=0.30 (sum = 1.00). Weights are stored on the Weights sheet — change them and the CTVI sheets recalculate automatically. Range: 0 (lowest vulnerability) → 1 (highest vulnerability).
A13: PILLARS & INDICATORS
A14: EXPOSURE (E): mean temperature, temperature anomaly, precipitation, drought (SPEI proxy), heatwave days. SENSITIVITY (S): agriculture % GDP, agriculture % employment, renewable freshwater per capita, rural population %. ADAPTIVE CAPACITY — Socio-economic (AC_SE): GDP per capita PPP, HDI, government effectiveness. ADAPTIVE CAPACITY — Technology (AC_TECH): internet penetration, mobile subscriptions, R&D % GDP, renewables share in electricity, patents per million, Network Readiness Index, AI Readiness Index. REFERENCE: ND-GAIN Vulnerability and Readiness scores (for cross-validation).
A16: NORMALISATION
A17: Min–max rescaling to [0, 1] using the 2000–2024 series range (national) or the 12-region range (regional). • For "V" (vulnerability-direction) indicators: norm = (x − min) / (max − min). • For "C" (capacity-direction) indicators: norm = (max − x) / (max − min) so that higher capacity → lower vulnerability contribution. The CTVI sheets then use 1−AC for capacity pillars; the Normalized sheets store the capacity-as-vulnerability form directly.
... A32: v1.0 — generated April 25, 2026.

Sheet Weights
A1: CTVI Pillar Weights (editable — formulas update automatically)
A3: Pillar | B3: Code | C3: Weight
A4: Exposure | B4: wE | C4: 0.25
A5: Sensitivity | B5: wS | C5: 0.25
A6: Adaptive Capacity – Socio-Economic | B6: wAC | C6: 0.2
A7: Adaptive Capacity – Technology | B7: wT | C7: 0.3
A8: Sum (must = 1.00) | C8: =SUM(C4:C7) -> 1
A10: Edit cells C4:C7 to test alternative weighting schemes. CTVI sheets reference these named cells.

Sheet National_Annual
A1: Morocco — National Annual Indicators, 2000–2024
A3: Code | B3: Indicator | C3: Unit | D3: Direction | E3: Pillar | F3: 2000 | G3: 2001 | H3: 2002 | I3: 2003 | J3: 2004 | K3: 2005 | L3: 2006 | M3: 2007 | N3: 2008 | O3: 2009 | P3: 2010 | Q3: 2011 | R3: 2012 | S3: 2013 | T3: 2014 | U3: 2015 | V3: 2016 | W3: 2017 | X3: 2018 | Y3: 2019 | Z3: 2020 | AA3: 2021 | AB3: 2022 | AC3: 2023 | AD3: 2024
A4: TEMP_MEAN | B4: Mean annual temperature | C4: °C | D4: V | E4: E | F4: 18.1 | G4: 18.45 | H4: 18.3 | I4: 18.95 | J4: 18.2 | K4: 18.35 | L4: 18.55 | M4: 18.75 | N4: 18.4 | O4: 18.85 | P4: 19.1 | Q4: 18.65 | R4: 18.8 | S4: 18.55 | T4: 18.9 | U4: 19.05 | V4: 19.2 | W4: 19.4 | X4: 18.95 | Y4: 19.3 | Z4: 19.55 | AA4: 19.45 | AB4: 19.95 | AC4: 20.1 | AD4: 20.05
A5: TEMP_ANOM | B5: Temperature anomaly vs 1961–1990 baseline | C5: °C | D5: V | E5: E | F5: 0.5 | G5: 0.85 | H5: 0.7 | I5: 1.35 | J5: 0.6 | K5: 0.75 | L5: 0.95 | M5: 1.15 | N5: 0.8 | O5: 1.25 | P5: 1.5 | Q5: 1.05 | R5: 1.2 | S5: 0.95 | T5: 1.3 | U5: 1.45 | V5: 1.6 | W5: 1.8 | X5: 1.35 | Y5: 1.7 | Z5: 1.95 | AA5: 1.85 | AB5: 2.35 | AC5: 2.5 | AD5: 2.45
A6: PRECIP | B6: Mean annual precipitation | C6: mm | D6: C | E6: E | F6: 295 | G6: 310 | H6: 340 | I6: 355 | J6: 325 | K6: 280 | L6: 330 | M6: 300 | N6: 320 | O6: 380 | P6: 395 | Q6: 285 | R6: 300 | S6: 340 | T6: 295 | U6: 330 | V6: 265 | W6: 240 | X6: 355 | Y6: 280 | Z6: 240 | AA6: 235 | AB6: 215 | AC6: 255 | AD6: 230
A7: SPEI_PROXY | B7: Drought proxy (precip z-score, 2000–24) | C7: z-score | D7: C | E7: E | F7: -0.1 | G7: 0.21 | H7: 0.84 | I7: 1.15 | J7: 0.52 | K7: -0.41 | L7: 0.63 | M7: 0 | N7: 0.42 | O7: 1.67 | P7: 1.98 | Q7: -0.31 | R7: 0 | S7: 0.84 | T7: -0.1 | U7: 0.63 | V7: -0.72 | W7: -1.24 | X7: 1.15 | Y7: -0.41 | Z7: -1.24 | AA7: -1.35 | AB7: -1.76 | AC7: -0.93 | AD7: -1.45
A8: HEATWAVE_DAYS | B8: Heatwave days (>35 °C, national avg) | C8: days | D8: V | E8: E | F8: 18 | G8: 22 | H8: 20 | I8: 38 | J8: 21 | K8: 25 | L8: 27 | M8: 30 | N8: 24 | O8: 32 | P8: 35 | Q8: 28 | R8: 34 | S8: 30 | T8: 33 | U8: 38 | V8: 42 | W8: 45 | X8: 40 | Y8: 46 | Z8: 50 | AA8: 48 | AB8: 62 | AC8: 65 | AD8: 60
A9: AGRI_GDP | B9: Agriculture, value added | C9: % GDP | D9: V | E9: S | F9: 14.6 | G9: 15.2 | H9: 15.8 | I9: 16.4 | J9: 14.5 | K9: 13 | L9: 15.4 | M9: 11.8 | N9: 13.2 | O9: 14.6 | P9: 14 | Q9: 13.7 | R9: 13.8 | S9: 14.1 | T9: 13.3 | U9: 13.4 | V9: 11.7 | W9: 12.4 | X9: 12.1 | Y9: 11.8 | Z9: 12 | AA9: 11.5 | AB9: 10.5 | AC9: 11.4 | AD9: 11
A10: AGRI_EMP | B10: Agriculture employment | C10: % total | D10: V | E10: S | F10: 44.8 | G10: 44.1 | H10: 43.5 | I10: 42.8 | J10: 42.1 | K10: 41.5 | L10: 40.9 | M10: 40.3 | N10: 39.5 | O10: 38.8 | P10: 38 | Q10: 37.3 | R10: 36.6 | S10: 35.9 | T10: 35.2 | U10: 34.5 | V10: 34 | W10: 33.4 | X10: 33 | Y10: 32.5 | Z10: 32 | AA10: 31.5 | AB10: 31.2 | AC10: 30.8 | AD10: 30.5
A11: WATER_PC | B11: Renewable freshwater per capita | C11: m³/person | D11: C | E11: S | F11: 990 | G11: 980 | H11: 970 | I11: 955 | J11: 940 | K11: 925 | L11: 910 | M11: 895 | N11: 885 | O11: 875 | P11: 860 | Q11: 850 | R11: 835 | S11: 820 | T11: 805 | U11: 790 | V11: 775 | W11: 760 | X11: 745 | Y11: 730 | Z11: 715 | AA11: 700 | AB11: 680 | AC11: 665 | AD11: 650
A12: RURAL_PCT | B12: Rural population | C12: % total | D12: V | E12: S | F12: 46.8 | G12: 46 | H12: 45.2 | I12: 44.4 | J12: 43.6 | K12: 42.8 | L12: 42 | M12: 41.2 | N12: 40.5 | O12: 39.8 | P12: 39.2 | Q12: 38.6 | R12: 38 | S12: 37.4 | T12: 36.9 | U12: 36.4 | V12: 35.9 | W12: 35.4 | X12: 34.9 | Y12: 34.5 | Z12: 34 | AA12: 33.5 | AB12: 33 | AC12: 32.6 | AD12: 32.2
A13: GDP_PC_PPP | B13: GDP per capita, PPP | C13: int$ | D13: C | E13: AC_SE | F13: 3680 | G13: 3850 | H13: 3980 | I13: 4250 | J13: 4480 | K13: 4640 | L13: 4900 | M13: 5180 | N13: 5530 | O13: 5780 | P13: 6010 | Q13: 6310 | R13: 6520 | S13: 6810 | T13: 7060 | U13: 7320 | V13: 7560 | W13: 7820 | X13: 8120 | Y13: 8390 | Z13: 8050 | AA13: 8780 | AB13: 9270 | AC13: 9920 | AD13: 10615
A14: HDI | B14: Human Development Index | C14: 0–1 | D14: C | E14: AC_SE | F14: 0.53 | G14: 0.54 | H14: 0.545 | I14: 0.555 | J14: 0.565 | K14: 0.575 | L14: 0.585 | M14: 0.595 | N14: 0.605 | O14: 0.615 | P14: 0.625 | Q14: 0.63 | R14: 0.64 | S14: 0.648 | T14: 0.655 | U14: 0.667 | V14: 0.674 | W14: 0.681 | X14: 0.687 | Y14: 0.691 | Z14: 0.687 | AA14: 0.698 | AB14: 0.698 | AC14: 0.71 | AD14: 0.715
A15: GOV_EFF | B15: Government Effectiveness percentile | C15: 0–100 | D15: C | E15: AC_SE | F15: 55 | G15: 54 | H15: 53 | I15: 52 | J15: 53 | K15: 55 | L15: 54 | M15: 53 | N15: 53 | O15: 52 | P15: 50 | Q15: 49 | R15: 50 | S15: 50 | T15: 51 | U15: 50 | V15: 51 | W15: 51 | X15: 52 | Y15: 52 | Z15: 53 | AA15: 54 | AB15: 54 | AC15: 55 | AD15: 55
... A20: PATENTS_PM | B20: Patent applications, residents | C20: per million pop | D20: C | E20: AC_TECH | F20: 1.2 | G20: 1.5 | H20: 1.8 | I20: 2 | J20: 2.5 | K20: 2.8 | L20: 3.2 | M20: 3.5 | N20: 3.8 | O20: 4 | P20: 4.5 | Q20: 5 | R20: 5.5 | S20: 5.8 | T20: 6.2 | U20: 6.5 | V20: 6.8 | W20: 7 | X20: 7.5 | Y20: 7.8 | Z20: 7.6 | AA20: 8 | AB20: 8.5 | AC20: 9 | AD20: 9.5
A21: NRI | B21: Network Readiness Index | C21: 0–100 | D21: C | E21: AC_TECH | Y21: 42 | Z21: 43.5 | AA21: 44.6 | AB21: 45.6 | AC21: 46.2 | AD21: 46.8
A22: AI_READY | B22: Government AI Readiness Index | C22: 0–100 | D22: C | E22: AC_TECH | W22: 32 | X22: 38.5 | Y22: 41 | Z22: 45.5 | AA22: 48 | AB22: 50.5 | AC22: 52.5 | AD22: 54
A23: NDGAIN_V | B23: ND-GAIN Vulnerability score | C23: 0–1 | D23: V | E23: REF | F23: 0.385 | G23: 0.382 | H23: 0.38 | I23: 0.378 | J23: 0.376 | K23: 0.374 | L23: 0.372 | M23: 0.37 | N23: 0.368 | O23: 0.366 | P23: 0.364 | Q23: 0.362 | R23: 0.36 | S23: 0.358 | T23: 0.356 | U23: 0.354 | V23: 0.352 | W23: 0.35 | X23: 0.348 | Y23: 0.347 | Z23: 0.346 | AA23: 0.345 | AB23: 0.344 | AC23: 0.343 | AD23: 0.343
A24: NDGAIN_R | B24: ND-GAIN Readiness score | C24: 0–1 | D24: C | E24: REF | F24: 0.38 | G24: 0.385 | H24: 0.39 | I24: 0.395 | J24: 0.4 | K24: 0.408 | L24: 0.415 | M24: 0.42 | N24: 0.425 | O24: 0.428 | P24: 0.432 | Q24: 0.434 | R24: 0.438 | S24: 0.441 | T24: 0.443 | U24: 0.446 | V24: 0.448 | W24: 0.45 | X24: 0.452 | Y24: 0.455 | Z24: 0.457 | AA24: 0.46 | AB24: 0.462 | AC24: 0.464 | AD24: 0.465

Sheet National_Normalized
A1: Morocco — Min–max normalised indicators (0 = lowest vulnerability contribution, 1 = highest)
A2: For V indicators: x_norm = (x−min)/(max−min). For C indicators: x_norm = (max−x)/(max−min) — i.e. capacity-as-vulnerability.
A4: Code | B4: Indicator | C4: Unit | D4: Direction | E4: Pillar | F4: 2000 | G4: 2001 | H4: 2002 | I4: 2003 | J4: 2004 | K4: 2005 | L4: 2006 | M4: 2007 | N4: 2008 | O4: 2009 | P4: 2010 | Q4: 2011 | R4: 2012 | S4: 2013 | T4: 2014 | U4: 2015 | V4: 2016 | W4: 2017 | X4: 2018 | Y4: 2019 | Z4: 2020 | AA4: 2021 | AB4: 2022 | AC4: 2023 | AD4: 2024
A5: TEMP_MEAN | B5: Mean annual temperature | C5: °C | D5: V | E5: E | F5: =IF(ISBLANK(National_Annual!F4),"",IFERROR(IF(MAX(National_Annual!$F$4:$AD$4)=MIN(National_Annual!$F$4:$AD$4),0,(National_Annual!F4-MIN(National_Annual!$F$4:$AD$4))/(MAX(National_Annual!$F$4:$AD$4)-MIN(National_Annual!$F$4:$AD$4))),"")) -> 0 | G5: =IF(ISBLANK(National_Annual!G4),"",IFERROR(IF(MAX(National_Annual!$F$4:$AD$4)=MIN(National_Annual!$F$4:$AD$4),0,(National_Annual!G4-MIN(National_Annual!$F$4:$AD$4))/(MAX(National_Annual!$F$4:$AD$4)-MIN(National_Annual!$F$4:$AD$4))),"")) -> 0.175 | H5: =IF(ISBLANK(National_Annual!H4),"",IFERROR(IF(MAX(National_Annual!$F$4:$AD$4)=MIN(National_Annual!$F$4:$AD$4),0,(National_Annual!H4-MIN(National_Annual!$F$4:$AD$4))/(MAX(National_Annual!$F$4:$AD$4)-MIN(National_Annual!$F$4:$AD$4))),"")) -> 0.1 | I5: =IF(ISBLANK(National_Annual!I4),"",IFERROR(IF(MAX(National_Annual!$F$4:$AD$4)=MIN(National_Annual!$F$4:$AD$4),0,(National_Annual!I4-MIN(National_Annual!$F$4:$AD$4))/(MAX(National_Annual!$F$4:$AD$4)-MIN(National_Annual!$F$4:$AD$4))),"")) -> 0.425 | J5: =IF(ISBLANK(National_Annual!J4),"",IFERROR(IF(MAX(National_Annual!$F$4:$AD$4)=MIN(National_Annual!$F$4:$AD$4),0,(National_Annual!J4-MIN(National_Annual!$F$4:$AD$4))/(MAX(National_Annual!$F$4:$AD$4)-MIN(National_Annual!$F$4:$AD$4))),"")) -> 0.05 | K5: =IF(ISBLANK(National_Annual!K4),"",IFERROR(IF(MAX(National_Annual!$F$4:$AD$4)=MIN(National_Annual!$F$4:$AD$4),0,(National_Annual!K4-MIN(National_Annual!$F$4:$AD$4))/(MAX(National_Annual!$F$4:$AD$4)-MIN(National_Annual!$F$4:$AD$4))),"")) -> 0.125 | L5: =IF(ISBLANK(National_Annual!L4),"",IFERROR(IF(MAX(National_Annual!$F$4:$AD$4)=MIN(National_Annual!$F$4:$AD$4),0,(National_Annual!L4-MIN(National_Annual!$F$4:$AD$4))/(MAX(National_Annual!$F$4:$AD$4)-MIN(National_Annual!$F$4:$AD$4))),"")) -> 0.225 | M5: =IF(ISBLANK(National_Annual!M4),"",IFERROR(IF(MAX(National_Annual!$F$4:$AD$4)=MIN(National_Annual!$F$4:$AD$4),0,(National_Annual!M4-MIN(National_Annual!$F$4:$AD$4))/(MAX(National_Annual!$F$4:$AD$4)-MIN(National_Annual!$F$4:$AD$4))),"")) -> 0.325 | ... AD5: =IF(ISBLANK(National_Annual!AD4),"",IFERROR(IF(MAX(National_Annual!$F$4:$AD$4)=MIN(National_Annual!$F$4:$AD$4),0,(National_Annual!AD4-MIN(National_Annual!$F$4:$AD$4))/(MAX(National_Annual!$F$4:$AD$4)-MIN(National_Annual!$F$4:$AD$4))),"")) -> 0.975
A6: TEMP_ANOM | B6: Temperature anomaly vs 1961–1990 baseline | C6: °C | D6: V | E6: E | F6: =IF(ISBLANK(National_Annual!F5),"",IFERROR(IF(MAX(National_Annual!$F$5:$AD$5)=MIN(National_Annual!$F$5:$AD$5),0,(National_Annual!F5-MIN(National_Annual!$F$5:$AD$5))/(MAX(National_Annual!$F$5:$AD$5)-MIN(National_Annual!$F$5:$AD$5))),"")) -> 0 | G6: =IF(ISBLANK(National_Annual!G5),"",IFERROR(IF(MAX(National_Annual!$F$5:$AD$5)=MIN(National_Annual!$F$5:$AD$5),0,(National_Annual!G5-MIN(National_Annual!$F$5:$AD$5))/(MAX(National_Annual!$F$5:$AD$5)-MIN(National_Annual!$F$5:$AD$5))),"")) -> 0.175 | H6: =IF(ISBLANK(National_Annual!H5),"",IFERROR(IF(MAX(National_Annual!$F$5:$AD$5)=MIN(National_Annual!$F$5:$AD$5),0,(National_Annual!H5-MIN(National_Annual!$F$5:$AD$5))/(MAX(National_Annual!$F$5:$AD$5)-MIN(National_Annual!$F$5:$AD$5))),"")) -> 0.1 | I6: =IF(ISBLANK(National_Annual!I5),"",IFERROR(IF(MAX(National_Annual!$F$5:$AD$5)=MIN(National_Annual!$F$5:$AD$5),0,(National_Annual!I5-MIN(National_Annual!$F$5:$AD$5))/(MAX(National_Annual!$F$5:$AD$5)-MIN(National_Annual!$F$5:$AD$5))),"")) -> 0.425 | J6: =IF(ISBLANK(National_Annual!J5),"",IFERROR(IF(MAX(National_Annual!$F$5:$AD$5)=MIN(National_Annual!$F$5:$AD$5),0,(National_Annual!J5-MIN(National_Annual!$F$5:$AD$5))/(MAX(National_Annual!$F$5:$AD$5)-MIN(National_Annual!$F$5:$AD$5))),"")) -> 0.05 | K6: =IF(ISBLANK(National_Annual!K5),"",IFERROR(IF(MAX(National_Annual!$F$5:$AD$5)=MIN(National_Annual!$F$5:$AD$5),0,(National_Annual!K5-MIN(National_Annual!$F$5:$AD$5))/(MAX(National_Annual!$F$5:$AD$5)-MIN(National_Annual!$F$5:$AD$5))),"")) -> 0.125 | L6: =IF(ISBLANK(National_Annual!L5),"",IFERROR(IF(MAX(National_Annual!$F$5:$AD$5)=MIN(National_Annual!$F$5:$AD$5),0,(National_Annual!L5-MIN(National_Annual!$F$5:$AD$5))/(MAX(National_Annual!$F$5:$AD$5)-MIN(National_Annual!$F$5:$AD$5))),"")) -> 0.225 | M6: =IF(ISBLANK(National_Annual!M5),"",IFERROR(IF(MAX(National_Annual!$F$5:$AD$5)=MIN(National_Annual!$F$5:$AD$5),0,(National_Annual!M5-MIN(National_Annual!$F$5:$AD$5))/(MAX(National_Annual!$F$5:$AD$5)-MIN(National_Annual!$F$5:$AD$5))),"")) -> 0.325 | ... AD6: =IF(ISBLANK(National_Annual!AD5),"",IFERROR(IF(MAX(National_Annual!$F$5:$AD$5)=MIN(National_Annual!$F$5:$AD$5),0,(National_Annual!AD5-MIN(National_Annual!$F$5:$AD$5))/(MAX(National_Annual!$F$5:$AD$5)-MIN(National_Annual!$F$5:$AD$5))),"")) -> 0.975
A7: PRECIP | B7: Mean annual precipitation | C7: mm | D7: C | E7: E | F7: =IF(ISBLANK(National_Annual!F6),"",IFERROR(IF(MAX(National_Annual!$F$6:$AD$6)=MIN(National_Annual!$F$6:$AD$6),0,(MAX(National_Annual!$F$6:$AD$6)-National_Annual!F6)/(MAX(National_Annual!$F$6:$AD$6)-MIN(National_Annual!$F$6:$AD$6))),"")) -> 0.55555556 | G7: =IF(ISBLANK(National_Annual!G6),"",IFERROR(IF(MAX(National_Annual!$F$6:$AD$6)=MIN(National_Annual!$F$6:$AD$6),0,(MAX(National_Annual!$F$6:$AD$6)-National_Annual!G6)/(MAX(National_Annual!$F$6:$AD$6)-MIN(National_Annual!$F$6:$AD$6))),"")) -> 0.47222222 | H7: =IF(ISBLANK(National_Annual!H6),"",IFERROR(IF(MAX(National_Annual!$F$6:$AD$6)=MIN(National_Annual!$F$6:$AD$6),0,(MAX(National_Annual!$F$6:$AD$6)-National_Annual!H6)/(MAX(National_Annual!$F$6:$AD$6)-MIN(National_Annual!$F$6:$AD$6))),"")) -> 0.30555556 | I7: =IF(ISBLANK(National_Annual!I6),"",IFERROR(IF(MAX(National_Annual!$F$6:$AD$6)=MIN(National_Annual!$F$6:$AD$6),0,(MAX(National_Annual!$F$6:$AD$6)-National_Annual!I6)/(MAX(National_Annual!$F$6:$AD$6)-MIN(National_Annual!$F$6:$AD$6))),"")) -> 0.22222222 | J7: =IF(ISBLANK(National_Annual!J6),"",IFERROR(IF(MAX(National_Annual!$F$6:$AD$6)=MIN(National_Annual!$F$6:$AD$6),0,(MAX(National_Annual!$F$6:$AD$6)-National_Annual!J6)/(MAX(National_Annual!$F$6:$AD$6)-MIN(National_Annual!$F$6:$AD$6))),"")) -> 0.38888889 | K7: =IF(ISBLANK(National_Annual!K6),"",IFERROR(IF(MAX(National_Annual!$F$6:$AD$6)=MIN(National_Annual!$F$6:$AD$6),0,(MAX(National_Annual!$F$6:$AD$6)-National_Annual!K6)/(MAX(National_Annual!$F$6:$AD$6)-MIN(National_Annual!$F$6:$AD$6))),"")) -> 0.63888889 | L7: =IF(ISBLANK(National_Annual!L6),"",IFERROR(IF(MAX(National_Annual!$F$6:$AD$6)=MIN(National_Annual!$F$6:$AD$6),0,(MAX(National_Annual!$F$6:$AD$6)-National_Annual!L6)/(MAX(National_Annual!$F$6:$AD$6)-MIN(National_Annual!$F$6:$AD$6))),"")) -> 0.36111111 | M7: =IF(ISBLANK(National_Annual!M6),"",IFERROR(IF(MAX(National_Annual!$F$6:$AD$6)=MIN(National_Annual!$F$6:$AD$6),0,(MAX(National_Annual!$F$6:$AD$6)-National_Annual!M6)/(MAX(National_Annual!$F$6:$AD$6)-MIN(National_Annual!$F$6:$AD$6))),"")) -> 0.52777778 | ... AD7: =IF(ISBLANK(National_Annual!AD6),"",IFERROR(IF(MAX(National_Annual!$F$6:$AD$6)=MIN(National_Annual!$F$6:$AD$6),0,(MAX(National_Annual!$F$6:$AD$6)-National_Annual!AD6)/(MAX(National_Annual!$F$6:$AD$6)-MIN(National_Annual!$F$6:$AD$6))),"")) -> 0.91666667
A8: SPEI_PROXY | B8: Drought proxy (precip z-score, 2000–24) | C8: z-score | D8: C | E8: E | F8: =IF(ISBLANK(National_Annual!F7),"",IFERROR(IF(MAX(National_Annual!$F$7:$AD$7)=MIN(National_Annual!$F$7:$AD$7),0,(MAX(National_Annual!$F$7:$AD$7)-National_Annual!F7)/(MAX(National_Annual!$F$7:$AD$7)-MIN(National_Annual!$F$7:$AD$7))),"")) -> 0.55614973 | G8: =IF(ISBLANK(National_Annual!G7),"",IFERROR(IF(MAX(National_Annual!$F$7:$AD$7)=MIN(National_Annual!$F$7:$AD$7),0,(MAX(National_Annual!$F$7:$AD$7)-National_Annual!G7)/(MAX(National_Annual!$F$7:$AD$7)-MIN(National_Annual!$F$7:$AD$7))),"")) -> 0.47326203 | H8: =IF(ISBLANK(National_Annual!H7),"",IFERROR(IF(MAX(National_Annual!$F$7:$AD$7)=MIN(National_Annual!$F$7:$AD$7),0,(MAX(National_Annual!$F$7:$AD$7)-National_Annual!H7)/(MAX(National_Annual!$F$7:$AD$7)-MIN(National_Annual!$F$7:$AD$7))),"")) -> 0.30481283 | I8: =IF(ISBLANK(National_Annual!I7),"",IFERROR(IF(MAX(National_Annual!$F$7:$AD$7)=MIN(National_Annual!$F$7:$AD$7),0,(MAX(National_Annual!$F$7:$AD$7)-National_Annual!I7)/(MAX(National_Annual!$F$7:$AD$7)-MIN(National_Annual!$F$7:$AD$7))),"")) -> 0.22192513 | J8: =IF(ISBLANK(National_Annual!J7),"",IFERROR(IF(MAX(National_Annual!$F$7:$AD$7)=MIN(National_Annual!$F$7:$AD$7),0,(MAX(National_Annual!$F$7:$AD$7)-National_Annual!J7)/(MAX(National_Annual!$F$7:$AD$7)-MIN(National_Annual!$F$7:$AD$7))),"")) -> 0.39037433 | K8: =IF(ISBLANK(National_Annual!K7),"",IFERROR(IF(MAX(National_Annual!$F$7:$AD$7)=MIN(National_Annual!$F$7:$AD$7),0,(MAX(National_Annual!$F$7:$AD$7)-National_Annual!K7)/(MAX(National_Annual!$F$7:$AD$7)-MIN(National_Annual!$F$7:$AD$7))),"")) -> 0.63903743 | L8: =IF(ISBLANK(National_Annual!L7),"",IFERROR(IF(MAX(National_Annual!$F$7:$AD$7)=MIN(National_Annual!$F$7:$AD$7),0,(MAX(National_Annual!$F$7:$AD$7)-National_Annual!L7)/(MAX(National_Annual!$F$7:$AD$7)-MIN(National_Annual!$F$7:$AD$7))),"")) -> 0.36096257 | M8: =IF(ISBLANK(National_Annual!M7),"",IFERROR(IF(MAX(National_Annual!$F$7:$AD$7)=MIN(National_Annual!$F$7:$AD$7),0,(MAX(National_Annual!$F$7:$AD$7)-National_Annual!M7)/(MAX(National_Annual!$F$7:$AD$7)-MIN(National_Annual!$F$7:$AD$7))),"")) -> 0.52941176 | ... AD8: =IF(ISBLANK(National_Annual!AD7),"",IFERROR(IF(MAX(National_Annual!$F$7:$AD$7)=MIN(National_Annual!$F$7:$AD$7),0,(MAX(National_Annual!$F$7:$AD$7)-National_Annual!AD7)/(MAX(National_Annual!$F$7:$AD$7)-MIN(National_Annual!$F$7:$AD$7))),"")) -> 0.9171123
A9: HEATWAVE_DAYS | B9: Heatwave days (>35 °C, national avg) | C9: days | D9: V | E9: E | F9: =IF(ISBLANK(National_Annual!F8),"",IFERROR(IF(MAX(National_Annual!$F$8:$AD$8)=MIN(National_Annual!$F$8:$AD$8),0,(National_Annual!F8-MIN(National_Annual!$F$8:$AD$8))/(MAX(National_Annual!$F$8:$AD$8)-MIN(National_Annual!$F$8:$AD$8))),"")) -> 0 | G9: =IF(ISBLANK(National_Annual!G8),"",IFERROR(IF(MAX(National_Annual!$F$8:$AD$8)=MIN(National_Annual!$F$8:$AD$8),0,(National_Annual!G8-MIN(National_Annual!$F$8:$AD$8))/(MAX(National_Annual!$F$8:$AD$8)-MIN(National_Annual!$F$8:$AD$8))),"")) -> 0.085106383 | H9: =IF(ISBLANK(National_Annual!H8),"",IFERROR(IF(MAX(National_Annual!$F$8:$AD$8)=MIN(National_Annual!$F$8:$AD$8),0,(National_Annual!H8-MIN(National_Annual!$F$8:$AD$8))/(MAX(National_Annual!$F$8:$AD$8)-MIN(National_Annual!$F$8:$AD$8))),"")) -> 0.042553191 | I9: =IF(ISBLANK(National_Annual!I8),"",IFERROR(IF(MAX(National_Annual!$F$8:$AD$8)=MIN(National_Annual!$F$8:$AD$8),0,(National_Annual!I8-MIN(National_Annual!$F$8:$AD$8))/(MAX(National_Annual!$F$8:$AD$8)-MIN(National_Annual!$F$8:$AD$8))),"")) -> 0.42553191 | J9: =IF(ISBLANK(National_Annual!J8),"",IFERROR(IF(MAX(National_Annual!$F$8:$AD$8)=MIN(National_Annual!$F$8:$AD$8),0,(National_Annual!J8-MIN(National_Annual!$F$8:$AD$8))/(MAX(National_Annual!$F$8:$AD$8)-MIN(National_Annual!$F$8:$AD$8))),"")) -> 0.063829787 | K9: =IF(ISBLANK(National_Annual!K8),"",IFERROR(IF(MAX(National_Annual!$F$8:$AD$8)=MIN(National_Annual!$F$8:$AD$8),0,(National_Annual!K8-MIN(National_Annual!$F$8:$AD$8))/(MAX(National_Annual!$F$8:$AD$8)-MIN(National_Annual!$F$8:$AD$8))),"")) -> 0.14893617 | L9: =IF(ISBLANK(National_Annual!L8),"",IFERROR(IF(MAX(National_Annual!$F$8:$AD$8)=MIN(National_Annual!$F$8:$AD$8),0,(National_Annual!L8-MIN(National_Annual!$F$8:$AD$8))/(MAX(National_Annual!$F$8:$AD$8)-MIN(National_Annual!$F$8:$AD$8))),"")) -> 0.19148936 | M9: =IF(ISBLANK(National_Annual!M8),"",IFERROR(IF(MAX(National_Annual!$F$8:$AD$8)=MIN(National_Annual!$F$8:$AD$8),0,(National_Annual!M8-MIN(National_Annual!$F$8:$AD$8))/(MAX(National_Annual!$F$8:$AD$8)-MIN(National_Annual!$F$8:$AD$8))),"")) -> 0.25531915 | ... AD9: =IF(ISBLANK(National_Annual!AD8),"",IFERROR(IF(MAX(National_Annual!$F$8:$AD$8)=MIN(National_Annual!$F$8:$AD$8),0,(National_Annual!AD8-MIN(National_Annual!$F$8:$AD$8))/(MAX(National_Annual!$F$8:$AD$8)-MIN(National_Annual!$F$8:$AD$8))),"")) -> 0.89361702
A10: AGRI_GDP | B10: Agriculture, value added | C10: % GDP | D10: V | E10: S | F10: =IF(ISBLANK(National_Annual!F9),"",IFERROR(IF(MAX(National_Annual!$F$9:$AD$9)=MIN(National_Annual!$F$9:$AD$9),0,(National_Annual!F9-MIN(National_Annual!$F$9:$AD$9))/(MAX(National_Annual!$F$9:$AD$9)-MIN(National_Annual!$F$9:$AD$9))),"")) -> 0.69491525 | G10: =IF(ISBLANK(National_Annual!G9),"",IFERROR(IF(MAX(National_Annual!$F$9:$AD$9)=MIN(National_Annual!$F$9:$AD$9),0,(National_Annual!G9-MIN(National_Annual!$F$9:$AD$9))/(MAX(National_Annual!$F$9:$AD$9)-MIN(National_Annual!$F$9:$AD$9))),"")) -> 0.79661017 | H10: =IF(ISBLANK(National_Annual!H9),"",IFERROR(IF(MAX(National_Annual!$F$9:$AD$9)=MIN(National_Annual!$F$9:$AD$9),0,(National_Annual!H9-MIN(National_Annual!$F$9:$AD$9))/(MAX(National_Annual!$F$9:$AD$9)-MIN(National_Annual!$F$9:$AD$9))),"")) -> 0.89830508 | I10: =IF(ISBLANK(National_Annual!I9),"",IFERROR(IF(MAX(National_Annual!$F$9:$AD$9)=MIN(National_Annual!$F$9:$AD$9),0,(National_Annual!I9-MIN(National_Annual!$F$9:$AD$9))/(MAX(National_Annual!$F$9:$AD$9)-MIN(National_Annual!$F$9:$AD$9))),"")) -> 1 | J10: =IF(ISBLANK(National_Annual!J9),"",IFERROR(IF(MAX(National_Annual!$F$9:$AD$9)=MIN(National_Annual!$F$9:$AD$9),0,(National_Annual!J9-MIN(National_Annual!$F$9:$AD$9))/(MAX(National_Annual!$F$9:$AD$9)-MIN(National_Annual!$F$9:$AD$9))),"")) -> 0.6779661 | K10: =IF(ISBLANK(National_Annual!K9),"",IFERROR(IF(MAX(National_Annual!$F$9:$AD$9)=MIN(National_Annual!$F$9:$AD$9),0,(National_Annual!K9-MIN(National_Annual!$F$9:$AD$9))/(MAX(National_Annual!$F$9:$AD$9)-MIN(National_Annual!$F$9:$AD$9))),"")) -> 0.42372881 | L10: =IF(ISBLANK(National_Annual!L9),"",IFERROR(IF(MAX(National_Annual!$F$9:$AD$9)=MIN(National_Annual!$F$9:$AD$9),0,(National_Annual!L9-MIN(National_Annual!$F$9:$AD$9))/(MAX(National_Annual!$F$9:$AD$9)-MIN(National_Annual!$F$9:$AD$9))),"")) -> 0.83050847 | M10: =IF(ISBLANK(National_Annual!M9),"",IFERROR(IF(MAX(National_Annual!$F$9:$AD$9)=MIN(National_Annual!$F$9:$AD$9),0,(National_Annual!M9-MIN(National_Annual!$F$9:$AD$9))/(MAX(National_Annual!$F$9:$AD$9)-MIN(National_Annual!$F$9:$AD$9))),"")) -> 0.22033898 | ... AD10: =IF(ISBLANK(National_Annual!AD9),"",IFERROR(IF(MAX(National_Annual!$F$9:$AD$9)=MIN(National_Annual!$F$9:$AD$9),0,(National_Annual!AD9-MIN(National_Annual!$F$9:$AD$9))/(MAX(National_Annual!$F$9:$AD$9)-MIN(National_Annual!$F$9:$AD$9))),"")) -> 0.084745763
A11: AGRI_EMP | B11: Agriculture employment | C11: % total | D11: V | E11: S | F11: =IF(ISBLANK(National_Annual!F10),"",IFERROR(IF(MAX(National_Annual!$F$10:$AD$10)=MIN(National_Annual!$F$10:$AD$10),0,(National_Annual!F10-MIN(National_Annual!$F$10:$AD$10))/(MAX(National_Annual!$F$10:$AD$10)-MIN(National_Annual!$F$10:$AD$10))),"")) -> 1 | G11: =IF(ISBLANK(National_Annual!G10),"",IFERROR(IF(MAX(National_Annual!$F$10:$AD$10)=MIN(National_Annual!$F$10:$AD$10),0,(National_Annual!G10-MIN(National_Annual!$F$10:$AD$10))/(MAX(National_Annual!$F$10:$AD$10)-MIN(National_Annual!$F$10:$AD$10))),"")) -> 0.95104895 | H11: =IF(ISBLANK(National_Annual!H10),"",IFERROR(IF(MAX(National_Annual!$F$10:$AD$10)=MIN(National_Annual!$F$10:$AD$10),0,(National_Annual!H10-MIN(National_Annual!$F$10:$AD$10))/(MAX(National_Annual!$F$10:$AD$10)-MIN(National_Annual!$F$10:$AD$10))),"")) -> 0.90909091 | I11: =IF(ISBLANK(National_Annual!I10),"",IFERROR(IF(MAX(National_Annual!$F$10:$AD$10)=MIN(National_Annual!$F$10:$AD$10),0,(National_Annual!I10-MIN(National_Annual!$F$10:$AD$10))/(MAX(National_Annual!$F$10:$AD$10)-MIN(National_Annual!$F$10:$AD$10))),"")) -> 0.86013986 | J11: =IF(ISBLANK(National_Annual!J10),"",IFERROR(IF(MAX(National_Annual!$F$10:$AD$10)=MIN(National_Annual!$F$10:$AD$10),0,(National_Annual!J10-MIN(National_Annual!$F$10:$AD$10))/(MAX(National_Annual!$F$10:$AD$10)-MIN(National_Annual!$F$10:$AD$10))),"")) -> 0.81118881 | K11: =IF(ISBLANK(National_Annual!K10),"",IFERROR(IF(MAX(National_Annual!$F$10:$AD$10)=MIN(National_Annual!$F$10:$AD$10),0,(National_Annual!K10-MIN(National_Annual!$F$10:$AD$10))/(MAX(National_Annual!$F$10:$AD$10)-MIN(National_Annual!$F$10:$AD$10))),"")) -> 0.76923077 | L11: =IF(ISBLANK(National_Annual!L10),"",IFERROR(IF(MAX(National_Annual!$F$10:$AD$10)=MIN(National_Annual!$F$10:$AD$10),0,(National_Annual!L10-MIN(National_Annual!$F$10:$AD$10))/(MAX(National_Annual!$F$10:$AD$10)-MIN(National_Annual!$F$10:$AD$10))),"")) -> 0.72727273 | M11: =IF(ISBLANK(National_Annual!M10),"",IFERROR(IF(MAX(National_Annual!$F$10:$AD$10)=MIN(National_Annual!$F$10:$AD$10),0,(National_Annual!M10-MIN(National_Annual!$F$10:$AD$10))/(MAX(National_Annual!$F$10:$AD$10)-MIN(National_Annual!$F$10:$AD$10))),"")) -> 0.68531469 | ... AD11: =IF(ISBLANK(National_Annual!AD10),"",IFERROR(IF(MAX(National_Annual!$F$10:$AD$10)=MIN(National_Annual!$F$10:$AD$10),0,(National_Annual!AD10-MIN(National_Annual!$F$10:$AD$10))/(MAX(National_Annual!$F$10:$AD$10)-MIN(National_Annual!$F$10:$AD$10))),"")) -> 0
A12: WATER_PC | B12: Renewable freshwater per capita | C12: m³/person | D12: C | E12: S | F12: =IF(ISBLANK(National_Annual!F11),"",IFERROR(IF(MAX(National_Annual!$F$11:$AD$11)=MIN(National_Annual!$F$11:$AD$11),0,(MAX(National_Annual!$F$11:$AD$11)-National_Annual!F11)/(MAX(National_Annual!$F$11:$AD$11)-MIN(National_Annual!$F$11:$AD$11))),"")) -> 0 | G12: =IF(ISBLANK(National_Annual!G11),"",IFERROR(IF(MAX(National_Annual!$F$11:$AD$11)=MIN(National_Annual!$F$11:$AD$11),0,(MAX(National_Annual!$F$11:$AD$11)-National_Annual!G11)/(MAX(National_Annual!$F$11:$AD$11)-MIN(National_Annual!$F$11:$AD$11))),"")) -> 0.029411765 | H12: =IF(ISBLANK(National_Annual!H11),"",IFERROR(IF(MAX(National_Annual!$F$11:$AD$11)=MIN(National_Annual!$F$11:$AD$11),0,(MAX(National_Annual!$F$11:$AD$11)-National_Annual!H11)/(MAX(National_Annual!$F$11:$AD$11)-MIN(National_Annual!$F$11:$AD$11))),"")) -> 0.058823529 | I12: =IF(ISBLANK(National_Annual!I11),"",IFERROR(IF(MAX(National_Annual!$F$11:$AD$11)=MIN(National_Annual!$F$11:$AD$11),0,(MAX(National_Annual!$F$11:$AD$11)-National_Annual!I11)/(MAX(National_Annual!$F$11:$AD$11)-MIN(National_Annual!$F$11:$AD$11))),"")) -> 0.10294118 | J12: =IF(ISBLANK(National_Annual!J11),"",IFERROR(IF(MAX(National_Annual!$F$11:$AD$11)=MIN(National_Annual!$F$11:$AD$11),0,(MAX(National_Annual!$F$11:$AD$11)-National_Annual!J11)/(MAX(National_Annual!$F$11:$AD$11)-MIN(National_Annual!$F$11:$AD$11))),"")) -> 0.14705882 | K12: =IF(ISBLANK(National_Annual!K11),"",IFERROR(IF(MAX(National_Annual!$F$11:$AD$11)=MIN(National_Annual!$F$11:$AD$11),0,(MAX(National_Annual!$F$11:$AD$11)-National_Annual!K11)/(MAX(National_Annual!$F$11:$AD$11)-MIN(National_Annual!$F$11:$AD$11))),"")) -> 0.19117647 | L12: =IF(ISBLANK(National_Annual!L11),"",IFERROR(IF(MAX(National_Annual!$F$11:$AD$11)=MIN(National_Annual!$F$11:$AD$11),0,(MAX(National_Annual!$F$11:$AD$11)-National_Annual!L11)/(MAX(National_Annual!$F$11:$AD$11)-MIN(National_Annual!$F$11:$AD$11))),"")) -> 0.23529412 | M12: =IF(ISBLANK(National_Annual!M11),"",IFERROR(IF(MAX(National_Annual!$F$11:$AD$11)=MIN(National_Annual!$F$11:$AD$11),0,(MAX(National_Annual!$F$11:$AD$11)-National_Annual!M11)/(MAX(National_Annual!$F$11:$AD$11)-MIN(National_Annual!$F$11:$AD$11))),"")) -> 0.27941176 | ... AD12: =IF(ISBLANK(National_Annual!AD11),"",IFERROR(IF(MAX(National_Annual!$F$11:$AD$11)=MIN(National_Annual!$F$11:$AD$11),0,(MAX(National_Annual!$F$11:$AD$11)-National_Annual!AD11)/(MAX(National_Annual!$F$11:$AD$11)-MIN(National_Annual!$F$11:$AD$11))),"")) -> 1
A13: RURAL_PCT | B13: Rural population | C13: % total | D13: V | E13: S | F13: =IF(ISBLANK(National_Annual!F12),"",IFERROR(IF(MAX(National_Annual!$F$12:$AD$12)=MIN(National_Annual!$F$12:$AD$12),0,(National_Annual!F12-MIN(National_Annual!$F$12:$AD$12))/(MAX(National_Annual!$F$12:$AD$12)-MIN(National_Annual!$F$12:$AD$12))),"")) -> 1 | G13: =IF(ISBLANK(National_Annual!G12),"",IFERROR(IF(MAX(National_Annual!$F$12:$AD$12)=MIN(National_Annual!$F$12:$AD$12),0,(National_Annual!G12-MIN(National_Annual!$F$12:$AD$12))/(MAX(National_Annual!$F$12:$AD$12)-MIN(National_Annual!$F$12:$AD$12))),"")) -> 0.94520548 | H13: =IF(ISBLANK(National_Annual!H12),"",IFERROR(IF(MAX(National_Annual!$F$12:$AD$12)=MIN(National_Annual!$F$12:$AD$12),0,(National_Annual!H12-MIN(National_Annual!$F$12:$AD$12))/(MAX(National_Annual!$F$12:$AD$12)-MIN(National_Annual!$F$12:$AD$12))),"")) -> 0.89041096 | I13: =IF(ISBLANK(National_Annual!I12),"",IFERROR(IF(MAX(National_Annual!$F$12:$AD$12)=MIN(National_Annual!$F$12:$AD$12),0,(National_Annual!I12-MIN(National_Annual!$F$12:$AD$12))/(MAX(National_Annual!$F$12:$AD$12)-MIN(National_Annual!$F$12:$AD$12))),"")) -> 0.83561644 | J13: =IF(ISBLANK(National_Annual!J12),"",IFERROR(IF(MAX(National_Annual!$F$12:$AD$12)=MIN(National_Annual!$F$12:$AD$12),0,(National_Annual!J12-MIN(National_Annual!$F$12:$AD$12))/(MAX(National_Annual!$F$12:$AD$12)-MIN(National_Annual!$F$12:$AD$12))),"")) -> 0.78082192 | K13: =IF(ISBLANK(National_Annual!K12),"",IFERROR(IF(MAX(National_Annual!$F$12:$AD$12)=MIN(National_Annual!$F$12:$AD$12),0,(National_Annual!K12-MIN(National_Annual!$F$12:$AD$12))/(MAX(National_Annual!$F$12:$AD$12)-MIN(National_Annual!$F$12:$AD$12))),"")) -> 0.7260274 | L13: =IF(ISBLANK(National_Annual!L12),"",IFERROR(IF(MAX(National_Annual!$F$12:$AD$12)=MIN(National_Annual!$F$12:$AD$12),0,(National_Annual!L12-MIN(National_Annual!$F$12:$AD$12))/(MAX(National_Annual!$F$12:$AD$12)-MIN(National_Annual!$F$12:$AD$12))),"")) -> 0.67123288 | M13: =IF(ISBLANK(National_Annual!M12),"",IFERROR(IF(MAX(National_Annual!$F$12:$AD$12)=MIN(National_Annual!$F$12:$AD$12),0,(National_Annual!M12-MIN(National_Annual!$F$12:$AD$12))/(MAX(National_Annual!$F$12:$AD$12)-MIN(National_Annual!$F$12:$AD$12))),"")) -> 0.61643836 | ... AD13: =IF(ISBLANK(National_Annual!AD12),"",IFERROR(IF(MAX(National_Annual!$F$12:$AD$12)=MIN(National_Annual!$F$12:$AD$12),0,(National_Annual!AD12-MIN(National_Annual!$F$12:$AD$12))/(MAX(National_Annual!$F$12:$AD$12)-MIN(National_Annual!$F$12:$AD$12))),"")) -> 0
A14: GDP_PC_PPP | B14: GDP per capita, PPP | C14: int$ | D14: C | E14: AC_SE | F14: =IF(ISBLANK(National_Annual!F13),"",IFERROR(IF(MAX(National_Annual!$F$13:$AD$13)=MIN(National_Annual!$F$13:$AD$13),0,(MAX(National_Annual!$F$13:$AD$13)-National_Annual!F13)/(MAX(National_Annual!$F$13:$AD$13)-MIN(National_Annual!$F$13:$AD$13))),"")) -> 1 | G14: =IF(ISBLANK(National_Annual!G13),"",IFERROR(IF(MAX(National_Annual!$F$13:$AD$13)=MIN(National_Annual!$F$13:$AD$13),0,(MAX(National_Annual!$F$13:$AD$13)-National_Annual!G13)/(MAX(National_Annual!$F$13:$AD$13)-MIN(National_Annual!$F$13:$AD$13))),"")) -> 0.97548666 | H14: =IF(ISBLANK(National_Annual!H13),"",IFERROR(IF(MAX(National_Annual!$F$13:$AD$13)=MIN(National_Annual!$F$13:$AD$13),0,(MAX(National_Annual!$F$13:$AD$13)-National_Annual!H13)/(MAX(National_Annual!$F$13:$AD$13)-MIN(National_Annual!$F$13:$AD$13))),"")) -> 0.95674117 | I14: =IF(ISBLANK(National_Annual!I13),"",IFERROR(IF(MAX(National_Annual!$F$13:$AD$13)=MIN(National_Annual!$F$13:$AD$13),0,(MAX(National_Annual!$F$13:$AD$13)-National_Annual!I13)/(MAX(National_Annual!$F$13:$AD$13)-MIN(National_Annual!$F$13:$AD$13))),"")) -> 0.91780822 | J14: =IF(ISBLANK(National_Annual!J13),"",IFERROR(IF(MAX(National_Annual!$F$13:$AD$13)=MIN(National_Annual!$F$13:$AD$13),0,(MAX(National_Annual!$F$13:$AD$13)-National_Annual!J13)/(MAX(National_Annual!$F$13:$AD$13)-MIN(National_Annual!$F$13:$AD$13))),"")) -> 0.88464311 | K14: =IF(ISBLANK(National_Annual!K13),"",IFERROR(IF(MAX(National_Annual!$F$13:$AD$13)=MIN(National_Annual!$F$13:$AD$13),0,(MAX(National_Annual!$F$13:$AD$13)-National_Annual!K13)/(MAX(National_Annual!$F$13:$AD$13)-MIN(National_Annual!$F$13:$AD$13))),"")) -> 0.86157174 | L14: =IF(ISBLANK(National_Annual!L13),"",IFERROR(IF(MAX(National_Annual!$F$13:$AD$13)=MIN(National_Annual!$F$13:$AD$13),0,(MAX(National_Annual!$F$13:$AD$13)-National_Annual!L13)/(MAX(National_Annual!$F$13:$AD$13)-MIN(National_Annual!$F$13:$AD$13))),"")) -> 0.82408075 | M14: =IF(ISBLANK(National_Annual!M13),"",IFERROR(IF(MAX(National_Annual!$F$13:$AD$13)=MIN(National_Annual!$F$13:$AD$13),0,(MAX(National_Annual!$F$13:$AD$13)-National_Annual!M13)/(MAX(National_Annual!$F$13:$AD$13)-MIN(National_Annual!$F$13:$AD$13))),"")) -> 0.78370584 | ... AD14: =IF(ISBLANK(National_Annual!AD13),"",IFERROR(IF(MAX(National_Annual!$F$13:$AD$13)=MIN(National_Annual!$F$13:$AD$13),0,(MAX(National_Annual!$F$13:$AD$13)-National_Annual!AD13)/(MAX(National_Annual!$F$13:$AD$13)-MIN(National_Annual!$F$13:$AD$13))),"")) -> 0
A15: HDI | B15: Human Development Index | C15: 0–1 | D15: C | E15: AC_SE | F15: =IF(ISBLANK(National_Annual!F14),"",IFERROR(IF(MAX(National_Annual!$F$14:$AD$14)=MIN(National_Annual!$F$14:$AD$14),0,(MAX(National_Annual!$F$14:$AD$14)-National_Annual!F14)/(MAX(National_Annual!$F$14:$AD$14)-MIN(National_Annual!$F$14:$AD$14))),"")) -> 1 | G15: =IF(ISBLANK(National_Annual!G14),"",IFERROR(IF(MAX(National_Annual!$F$14:$AD$14)=MIN(National_Annual!$F$14:$AD$14),0,(MAX(National_Annual!$F$14:$AD$14)-National_Annual!G14)/(MAX(National_Annual!$F$14:$AD$14)-MIN(National_Annual!$F$14:$AD$14))),"")) -> 0.94594595 | H15: =IF(ISBLANK(National_Annual!H14),"",IFERROR(IF(MAX(National_Annual!$F$14:$AD$14)=MIN(National_Annual!$F$14:$AD$14),0,(MAX(National_Annual!$F$14:$AD$14)-National_Annual!H14)/(MAX(National_Annual!$F$14:$AD$14)-MIN(National_Annual!$F$14:$AD$14))),"")) -> 0.91891892 | I15: =IF(ISBLANK(National_Annual!I14),"",IFERROR(IF(MAX(National_Annual!$F$14:$AD$14)=MIN(National_Annual!$F$14:$AD$14),0,(MAX(National_Annual!$F$14:$AD$14)-National_Annual!I14)/(MAX(National_Annual!$F$14:$AD$14)-MIN(National_Annual!$F$14:$AD$14))),"")) -> 0.86486486 | J15: =IF(ISBLANK(National_Annual!J14),"",IFERROR(IF(MAX(National_Annual!$F$14:$AD$14)=MIN(National_Annual!$F$14:$AD$14),0,(MAX(National_Annual!$F$14:$AD$14)-National_Annual!J14)/(MAX(National_Annual!$F$14:$AD$14)-MIN(National_Annual!$F$14:$AD$14))),"")) -> 0.81081081 | K15: =IF(ISBLANK(National_Annual!K14),"",IFERROR(IF(MAX(National_Annual!$F$14:$AD$14)=MIN(National_Annual!$F$14:$AD$14),0,(MAX(National_Annual!$F$14:$AD$14)-National_Annual!K14)/(MAX(National_Annual!$F$14:$AD$14)-MIN(National_Annual!$F$14:$AD$14))),"")) -> 0.75675676 | L15: =IF(ISBLANK(National_Annual!L14),"",IFERROR(IF(MAX(National_Annual!$F$14:$AD$14)=MIN(National_Annual!$F$14:$AD$14),0,(MAX(National_Annual!$F$14:$AD$14)-National_Annual!L14)/(MAX(National_Annual!$F$14:$AD$14)-MIN(National_Annual!$F$14:$AD$14))),"")) -> 0.7027027 | M15: =IF(ISBLANK(National_Annual!M14),"",IFERROR(IF(MAX(National_Annual!$F$14:$AD$14)=MIN(National_Annual!$F$14:$AD$14),0,(MAX(National_Annual!$F$14:$AD$14)-National_Annual!M14)/(MAX(National_Annual!$F$14:$AD$14)-MIN(National_Annual!$F$14:$AD$14))),"")) -> 0.64864865 | ... AD15: =IF(ISBLANK(National_Annual!AD14),"",IFERROR(IF(MAX(National_Annual!$F$14:$AD$14)=MIN(National_Annual!$F$14:$AD$14),0,(MAX(National_Annual!$F$14:$AD$14)-National_Annual!AD14)/(MAX(National_Annual!$F$14:$AD$14)-MIN(National_Annual!$F$14:$AD$14))),"")) -> 0
A16: GOV_EFF | B16: Government Effectiveness percentile | C16: 0–100 | D16: C | E16: AC_SE | F16: =IF(ISBLANK(National_Annual!F15),"",IFERROR(IF(MAX(National_Annual!$F$15:$AD$15)=MIN(National_Annual!$F$15:$AD$15),0,(MAX(National_Annual!$F$15:$AD$15)-National_Annual!F15)/(MAX(National_Annual!$F$15:$AD$15)-MIN(National_Annual!$F$15:$AD$15))),"")) -> 0 | G16: =IF(ISBLANK(National_Annual!G15),"",IFERROR(IF(MAX(National_Annual!$F$15:$AD$15)=MIN(National_Annual!$F$15:$AD$15),0,(MAX(National_Annual!$F$15:$AD$15)-National_Annual!G15)/(MAX(National_Annual!$F$15:$AD$15)-MIN(National_Annual!$F$15:$AD$15))),"")) -> 0.16666667 | H16: =IF(ISBLANK(National_Annual!H15),"",IFERROR(IF(MAX(National_Annual!$F$15:$AD$15)=MIN(National_Annual!$F$15:$AD$15),0,(MAX(National_Annual!$F$15:$AD$15)-National_Annual!H15)/(MAX(National_Annual!$F$15:$AD$15)-MIN(National_Annual!$F$15:$AD$15))),"")) -> 0.33333333 | I16: =IF(ISBLANK(National_Annual!I15),"",IFERROR(IF(MAX(National_Annual!$F$15:$AD$15)=MIN(National_Annual!$F$15:$AD$15),0,(MAX(National_Annual!$F$15:$AD$15)-National_Annual!I15)/(MAX(National_Annual!$F$15:$AD$15)-MIN(National_Annual!$F$15:$AD$15))),"")) -> 0.5 | J16: =IF(ISBLANK(National_Annual!J15),"",IFERROR(IF(MAX(National_Annual!$F$15:$AD$15)=MIN(National_Annual!$F$15:$AD$15),0,(MAX(National_Annual!$F$15:$AD$15)-National_Annual!J15)/(MAX(National_Annual!$F$15:$AD$15)-MIN(National_Annual!$F$15:$AD$15))),"")) -> 0.33333333 | K16: =IF(ISBLANK(National_Annual!K15),"",IFERROR(IF(MAX(National_Annual!$F$15:$AD$15)=MIN(National_Annual!$F$15:$AD$15),0,(MAX(National_Annual!$F$15:$AD$15)-National_Annual!K15)/(MAX(National_Annual!$F$15:$AD$15)-MIN(National_Annual!$F$15:$AD$15))),"")) -> 0 | L16: =IF(ISBLANK(National_Annual!L15),"",IFERROR(IF(MAX(National_Annual!$F$15:$AD$15)=MIN(National_Annual!$F$15:$AD$15),0,(MAX(National_Annual!$F$15:$AD$15)-National_Annual!L15)/(MAX(National_Annual!$F$15:$AD$15)-MIN(National_Annual!$F$15:$AD$15))),"")) -> 0.16666667 | M16: =IF(ISBLANK(National_Annual!M15),"",IFERROR(IF(MAX(National_Annual!$F$15:$AD$15)=MIN(National_Annual!$F$15:$AD$15),0,(MAX(National_Annual!$F$15:$AD$15)-National_Annual!M15)/(MAX(National_Annual!$F$15:$AD$15)-MIN(National_Annual!$F$15:$AD$15))),"")) -> 0.33333333 | ... AD16: =IF(ISBLANK(National_Annual!AD15),"",IFERROR(IF(MAX(National_Annual!$F$15:$AD$15)=MIN(National_Annual!$F$15:$AD$15),0,(MAX(National_Annual!$F$15:$AD$15)-National_Annual!AD15)/(MAX(National_Annual!$F$15:$AD$15)-MIN(National_Annual!$F$15:$AD$15))),"")) -> 0
A17: INTERNET | B17: Individuals using the Internet | C17: % pop | D17: C | E17: AC_TECH | F17: =IF(ISBLANK(National_Annual!F16),"",IFERROR(IF(MAX(National_Annual!$F$16:$AD$16)=MIN(National_Annual!$F$16:$AD$16),0,(MAX(National_Annual!$F$16:$AD$16)-National_Annual!F16)/(MAX(National_Annual!$F$16:$AD$16)-MIN(National_Annual!$F$16:$AD$16))),"")) -> 1 | G17: =IF(ISBLANK(National_Annual!G16),"",IFERROR(IF(MAX(National_Annual!$F$16:$AD$16)=MIN(National_Annual!$F$16:$AD$16),0,(MAX(National_Annual!$F$16:$AD$16)-National_Annual!G16)/(MAX(National_Annual!$F$16:$AD$16)-MIN(National_Annual!$F$16:$AD$16))),"")) -> 0.99222222 | H17: =IF(ISBLANK(National_Annual!H16),"",IFERROR(IF(MAX(National_Annual!$F$16:$AD$16)=MIN(National_Annual!$F$16:$AD$16),0,(MAX(National_Annual!$F$16:$AD$16)-National_Annual!H16)/(MAX(National_Annual!$F$16:$AD$16)-MIN(National_Annual!$F$16:$AD$16))),"")) -> 0.98111111 | I17: =IF(ISBLANK(National_Annual!I16),"",IFERROR(IF(MAX(National_Annual!$F$16:$AD$16)=MIN(National_Annual!$F$16:$AD$16),0,(MAX(National_Annual!$F$16:$AD$16)-National_Annual!I16)/(MAX(National_Annual!$F$16:$AD$16)-MIN(National_Annual!$F$16:$AD$16))),"")) -> 0.97 | J17: =IF(ISBLANK(National_Annual!J16),"",IFERROR(IF(MAX(National_Annual!$F$16:$AD$16)=MIN(National_Annual!$F$16:$AD$16),0,(MAX(National_Annual!$F$16:$AD$16)-National_Annual!J16)/(MAX(National_Annual!$F$16:$AD$16)-MIN(National_Annual!$F$16:$AD$16))),"")) -> 0.87888889 | K17: =IF(ISBLANK(National_Annual!K16),"",IFERROR(IF(MAX(National_Annual!$F$16:$AD$16)=MIN(National_Annual!$F$16:$AD$16),0,(MAX(National_Annual!$F$16:$AD$16)-National_Annual!K16)/(MAX(National_Annual!$F$16:$AD$16)-MIN(National_Annual!$F$16:$AD$16))),"")) -> 0.84111111 | L17: =IF(ISBLANK(National_Annual!L16),"",IFERROR(IF(MAX(National_Annual!$F$16:$AD$16)=MIN(National_Annual!$F$16:$AD$16),0,(MAX(National_Annual!$F$16:$AD$16)-National_Annual!L16)/(MAX(National_Annual!$F$16:$AD$16)-MIN(National_Annual!$F$16:$AD$16))),"")) -> 0.79111111 | M17: =IF(ISBLANK(National_Annual!M16),"",IFERROR(IF(MAX(National_Annual!$F$16:$AD$16)=MIN(National_Annual!$F$16:$AD$16),0,(MAX(National_Annual!$F$16:$AD$16)-National_Annual!M16)/(MAX(National_Annual!$F$16:$AD$16)-MIN(National_Annual!$F$16:$AD$16))),"")) -> 0.76888889 | ... AD17: =IF(ISBLANK(National_Annual!AD16),"",IFERROR(IF(MAX(National_Annual!$F$16:$AD$16)=MIN(National_Annual!$F$16:$AD$16),0,(MAX(National_Annual!$F$16:$AD$16)-National_Annual!AD16)/(MAX(National_Annual!$F$16:$AD$16)-MIN(National_Annual!$F$16:$AD$16))),"")) -> 0
A18: MOBILE | B18: Mobile cellular subscriptions | C18: per 100 pop | D18: C | E18: AC_TECH | F18: =IF(ISBLANK(National_Annual!F17),"",IFERROR(IF(MAX(National_Annual!$F$17:$AD$17)=MIN(National_Annual!$F$17:$AD$17),0,(MAX(National_Annual!$F$17:$AD$17)-National_Annual!F17)/(MAX(National_Annual!$F$17:$AD$17)-MIN(National_Annual!$F$17:$AD$17))),"")) -> 1 | G18: =IF(ISBLANK(National_Annual!G17),"",IFERROR(IF(MAX(National_Annual!$F$17:$AD$17)=MIN(National_Annual!$F$17:$AD$17),0,(MAX(National_Annual!$F$17:$AD$17)-National_Annual!G17)/(MAX(National_Annual!$F$17:$AD$17)-MIN(National_Annual!$F$17:$AD$17))),"")) -> 0.94460432 | H18: =IF(ISBLANK(National_Annual!H17),"",IFERROR(IF(MAX(National_Annual!$F$17:$AD$17)=MIN(National_Annual!$F$17:$AD$17),0,(MAX(National_Annual!$F$17:$AD$17)-National_Annual!H17)/(MAX(National_Annual!$F$17:$AD$17)-MIN(National_Annual!$F$17:$AD$17))),"")) -> 0.90647482 | I18: =IF(ISBLANK(National_Annual!I17),"",IFERROR(IF(MAX(National_Annual!$F$17:$AD$17)=MIN(National_Annual!$F$17:$AD$17),0,(MAX(National_Annual!$F$17:$AD$17)-National_Annual!I17)/(MAX(National_Annual!$F$17:$AD$17)-MIN(National_Annual!$F$17:$AD$17))),"")) -> 0.87769784 | J18: =IF(ISBLANK(National_Annual!J17),"",IFERROR(IF(MAX(National_Annual!$F$17:$AD$17)=MIN(National_Annual!$F$17:$AD$17),0,(MAX(National_Annual!$F$17:$AD$17)-National_Annual!J17)/(MAX(National_Annual!$F$17:$AD$17)-MIN(National_Annual!$F$17:$AD$17))),"")) -> 0.83021583 | K18: =IF(ISBLANK(National_Annual!K17),"",IFERROR(IF(MAX(National_Annual!$F$17:$AD$17)=MIN(National_Annual!$F$17:$AD$17),0,(MAX(National_Annual!$F$17:$AD$17)-National_Annual!K17)/(MAX(National_Annual!$F$17:$AD$17)-MIN(National_Annual!$F$17:$AD$17))),"")) -> 0.76258993 | L18: =IF(ISBLANK(National_Annual!L17),"",IFERROR(IF(MAX(National_Annual!$F$17:$AD$17)=MIN(National_Annual!$F$17:$AD$17),0,(MAX(National_Annual!$F$17:$AD$17)-National_Annual!L17)/(MAX(National_Annual!$F$17:$AD$17)-MIN(National_Annual!$F$17:$AD$17))),"")) -> 0.67625899 | M18: =IF(ISBLANK(National_Annual!M17),"",IFERROR(IF(MAX(National_Annual!$F$17:$AD$17)=MIN(National_Annual!$F$17:$AD$17),0,(MAX(National_Annual!$F$17:$AD$17)-National_Annual!M17)/(MAX(National_Annual!$F$17:$AD$17)-MIN(National_Annual!$F$17:$AD$17))),"")) -> 0.56115108 | ... AD18: =IF(ISBLANK(National_Annual!AD17),"",IFERROR(IF(MAX(National_Annual!$F$17:$AD$17)=MIN(National_Annual!$F$17:$AD$17),0,(MAX(National_Annual!$F$17:$AD$17)-National_Annual!AD17)/(MAX(National_Annual!$F$17:$AD$17)-MIN(National_Annual!$F$17:$AD$17))),"")) -> 0
A19: RD_GDP | B19: R&D expenditure | C19: % GDP | D19: C | E19: AC_TECH | F19: =IF(ISBLANK(National_Annual!F18),"",IFERROR(IF(MAX(National_Annual!$F$18:$AD$18)=MIN(National_Annual!$F$18:$AD$18),0,(MAX(National_Annual!$F$18:$AD$18)-National_Annual!F18)/(MAX(National_Annual!$F$18:$AD$18)-MIN(National_Annual!$F$18:$AD$18))),"")) -> 1 | G19: =IF(ISBLANK(National_Annual!G18),"",IFERROR(IF(MAX(National_Annual!$F$18:$AD$18)=MIN(National_Annual!$F$18:$AD$18),0,(MAX(National_Annual!$F$18:$AD$18)-National_Annual!G18)/(MAX(National_Annual!$F$18:$AD$18)-MIN(National_Annual!$F$18:$AD$18))),"")) -> 0.89583333 | H19: =IF(ISBLANK(National_Annual!H18),"",IFERROR(IF(MAX(National_Annual!$F$18:$AD$18)=MIN(National_Annual!$F$18:$AD$18),0,(MAX(National_Annual!$F$18:$AD$18)-National_Annual!H18)/(MAX(National_Annual!$F$18:$AD$18)-MIN(National_Annual!$F$18:$AD$18))),"")) -> 0.79166667 | I19: =IF(ISBLANK(National_Annual!I18),"",IFERROR(IF(MAX(National_Annual!$F$18:$AD$18)=MIN(National_Annual!$F$18:$AD$18),0,(MAX(National_Annual!$F$18:$AD$18)-National_Annual!I18)/(MAX(National_Annual!$F$18:$AD$18)-MIN(National_Annual!$F$18:$AD$18))),"")) -> 0.6875 | J19: =IF(ISBLANK(National_Annual!J18),"",IFERROR(IF(MAX(National_Annual!$F$18:$AD$18)=MIN(National_Annual!$F$18:$AD$18),0,(MAX(National_Annual!$F$18:$AD$18)-National_Annual!J18)/(MAX(National_Annual!$F$18:$AD$18)-MIN(National_Annual!$F$18:$AD$18))),"")) -> 0.47916667 | K19: =IF(ISBLANK(National_Annual!K18),"",IFERROR(IF(MAX(National_Annual!$F$18:$AD$18)=MIN(National_Annual!$F$18:$AD$18),0,(MAX(National_Annual!$F$18:$AD$18)-National_Annual!K18)/(MAX(National_Annual!$F$18:$AD$18)-MIN(National_Annual!$F$18:$AD$18))),"")) -> 0.375 | L19: =IF(ISBLANK(National_Annual!L18),"",IFERROR(IF(MAX(National_Annual!$F$18:$AD$18)=MIN(National_Annual!$F$18:$AD$18),0,(MAX(National_Annual!$F$18:$AD$18)-National_Annual!L18)/(MAX(National_Annual!$F$18:$AD$18)-MIN(National_Annual!$F$18:$AD$18))),"")) -> 0.33333333 | M19: =IF(ISBLANK(National_Annual!M18),"",IFERROR(IF(MAX(National_Annual!$F$18:$AD$18)=MIN(National_Annual!$F$18:$AD$18),0,(MAX(National_Annual!$F$18:$AD$18)-National_Annual!M18)/(MAX(National_Annual!$F$18:$AD$18)-MIN(National_Annual!$F$18:$AD$18))),"")) -> 0.29166667 | ... AD19: =IF(ISBLANK(National_Annual!AD18),"",IFERROR(IF(MAX(National_Annual!$F$18:$AD$18)=MIN(National_Annual!$F$18:$AD$18),0,(MAX(National_Annual!$F$18:$AD$18)-National_Annual!AD18)/(MAX(National_Annual!$F$18:$AD$18)-MIN(National_Annual!$F$18:$AD$18))),"")) -> 0
A20: RE_SHARE | B20: Renewables in electricity generation | C20: % | D20: C | E20: AC_TECH | F20: =IF(ISBLANK(National_Annual!F19),"",IFERROR(IF(MAX(National_Annual!$F$19:$AD$19)=MIN(National_Annual!$F$19:$AD$19),0,(MAX(National_Annual!$F$19:$AD$19)-National_Annual!F19)/(MAX(National_Annual!$F$19:$AD$19)-MIN(National_Annual!$F$19:$AD$19))),"")) -> 0.91145833 | G20: =IF(ISBLANK(National_Annual!G19),"",IFERROR(IF(MAX(National_Annual!$F$19:$AD$19)=MIN(National_Annual!$F$19:$AD$19),0,(MAX(National_Annual!$F$19:$AD$19)-National_Annual!G19)/(MAX(National_Annual!$F$19:$AD$19)-MIN(National_Annual!$F$19:$AD$19))),"")) -> 0.890625 | H20: =IF(ISBLANK(National_Annual!H19),"",IFERROR(IF(MAX(National_Annual!$F$19:$AD$19)=MIN(National_Annual!$F$19:$AD$19),0,(MAX(National_Annual!$F$19:$AD$19)-National_Annual!H19)/(MAX(National_Annual!$F$19:$AD$19)-MIN(National_Annual!$F$19:$AD$19))),"")) -> 0.88020833 | I20: =IF(ISBLANK(National_Annual!I19),"",IFERROR(IF(MAX(National_Annual!$F$19:$AD$19)=MIN(National_Annual!$F$19:$AD$19),0,(MAX(National_Annual!$F$19:$AD$19)-National_Annual!I19)/(MAX(National_Annual!$F$19:$AD$19)-MIN(National_Annual!$F$19:$AD$19))),"")) -> 0.86458333 | J20: =IF(ISBLANK(National_Annual!J19),"",IFERROR(IF(MAX(National_Annual!$F$19:$AD$19)=MIN(National_Annual!$F$19:$AD$19),0,(MAX(National_Annual!$F$19:$AD$19)-National_Annual!J19)/(MAX(National_Annual!$F$19:$AD$19)-MIN(National_Annual!$F$19:$AD$19))),"")) -> 0.89583333 | K20: =IF(ISBLANK(National_Annual!K19),"",IFERROR(IF(MAX(National_Annual!$F$19:$AD$19)=MIN(National_Annual!$F$19:$AD$19),0,(MAX(National_Annual!$F$19:$AD$19)-National_Annual!K19)/(MAX(National_Annual!$F$19:$AD$19)-MIN(National_Annual!$F$19:$AD$19))),"")) -> 0.92708333 | L20: =IF(ISBLANK(National_Annual!L19),"",IFERROR(IF(MAX(National_Annual!$F$19:$AD$19)=MIN(National_Annual!$F$19:$AD$19),0,(MAX(National_Annual!$F$19:$AD$19)-National_Annual!L19)/(MAX(National_Annual!$F$19:$AD$19)-MIN(National_Annual!$F$19:$AD$19))),"")) -> 0.96354167 | M20: =IF(ISBLANK(National_Annual!M19),"",IFERROR(IF(MAX(National_Annual!$F$19:$AD$19)=MIN(National_Annual!$F$19:$AD$19),0,(MAX(National_Annual!$F$19:$AD$19)-National_Annual!M19)/(MAX(National_Annual!$F$19:$AD$19)-MIN(National_Annual!$F$19:$AD$19))),"")) -> 0.98958333 | ... AD20: =IF(ISBLANK(National_Annual!AD19),"",IFERROR(IF(MAX(National_Annual!$F$19:$AD$19)=MIN(National_Annual!$F$19:$AD$19),0,(MAX(National_Annual!$F$19:$AD$19)-National_Annual!AD19)/(MAX(National_Annual!$F$19:$AD$19)-MIN(National_Annual!$F$19:$AD$19))),"")) -> 0
A21: PATENTS_PM | B21: Patent applications, residents | C21: per million pop | D21: C | E21: AC_TECH | F21: =IF(ISBLANK(National_Annual!F20),"",IFERROR(IF(MAX(National_Annual!$F$20:$AD$20)=MIN(National_Annual!$F$20:$AD$20),0,(MAX(National_Annual!$F$20:$AD$20)-National_Annual!F20)/(MAX(National_Annual!$F$20:$AD$20)-MIN(National_Annual!$F$20:$AD$20))),"")) -> 1 | G21: =IF(ISBLANK(National_Annual!G20),"",IFERROR(IF(MAX(National_Annual!$F$20:$AD$20)=MIN(National_Annual!$F$20:$AD$20),0,(MAX(National_Annual!$F$20:$AD$20)-National_Annual!G20)/(MAX(National_Annual!$F$20:$AD$20)-MIN(National_Annual!$F$20:$AD$20))),"")) -> 0.96385542 | H21: =IF(ISBLANK(National_Annual!H20),"",IFERROR(IF(MAX(National_Annual!$F$20:$AD$20)=MIN(National_Annual!$F$20:$AD$20),0,(MAX(National_Annual!$F$20:$AD$20)-National_Annual!H20)/(MAX(National_Annual!$F$20:$AD$20)-MIN(National_Annual!$F$20:$AD$20))),"")) -> 0.92771084 | I21: =IF(ISBLANK(National_Annual!I20),"",IFERROR(IF(MAX(National_Annual!$F$20:$AD$20)=MIN(National_Annual!$F$20:$AD$20),0,(MAX(National_Annual!$F$20:$AD$20)-National_Annual!I20)/(MAX(National_Annual!$F$20:$AD$20)-MIN(National_Annual!$F$20:$AD$20))),"")) -> 0.90361446 | J21: =IF(ISBLANK(National_Annual!J20),"",IFERROR(IF(MAX(National_Annual!$F$20:$AD$20)=MIN(National_Annual!$F$20:$AD$20),0,(MAX(National_Annual!$F$20:$AD$20)-National_Annual!J20)/(MAX(National_Annual!$F$20:$AD$20)-MIN(National_Annual!$F$20:$AD$20))),"")) -> 0.84337349 | K21: =IF(ISBLANK(National_Annual!K20),"",IFERROR(IF(MAX(National_Annual!$F$20:$AD$20)=MIN(National_Annual!$F$20:$AD$20),0,(MAX(National_Annual!$F$20:$AD$20)-National_Annual!K20)/(MAX(National_Annual!$F$20:$AD$20)-MIN(National_Annual!$F$20:$AD$20))),"")) -> 0.80722892 | L21: =IF(ISBLANK(National_Annual!L20),"",IFERROR(IF(MAX(National_Annual!$F$20:$AD$20)=MIN(National_Annual!$F$20:$AD$20),0,(MAX(National_Annual!$F$20:$AD$20)-National_Annual!L20)/(MAX(National_Annual!$F$20:$AD$20)-MIN(National_Annual!$F$20:$AD$20))),"")) -> 0.75903614 | M21: =IF(ISBLANK(National_Annual!M20),"",IFERROR(IF(MAX(National_Annual!$F$20:$AD$20)=MIN(National_Annual!$F$20:$AD$20),0,(MAX(National_Annual!$F$20:$AD$20)-National_Annual!M20)/(MAX(National_Annual!$F$20:$AD$20)-MIN(National_Annual!$F$20:$AD$20))),"")) -> 0.72289157 | ... AD21: =IF(ISBLANK(National_Annual!AD20),"",IFERROR(IF(MAX(National_Annual!$F$20:$AD$20)=MIN(National_Annual!$F$20:$AD$20),0,(MAX(National_Annual!$F$20:$AD$20)-National_Annual!AD20)/(MAX(National_Annual!$F$20:$AD$20)-MIN(National_Annual!$F$20:$AD$20))),"")) -> 0
A22: NRI | B22: Network Readiness Index | C22: 0–100 | D22: C | E22: AC_TECH | F22: =IF(ISBLANK(National_Annual!F21),"",IFERROR(IF(MAX(National_Annual!$F$21:$AD$21)=MIN(National_Annual!$F$21:$AD$21),0,(MAX(National_Annual!$F$21:$AD$21)-National_Annual!F21)/(MAX(National_Annual!$F$21:$AD$21)-MIN(National_Annual!$F$21:$AD$21))),"")) | G22: =IF(ISBLANK(National_Annual!G21),"",IFERROR(IF(MAX(National_Annual!$F$21:$AD$21)=MIN(National_Annual!$F$21:$AD$21),0,(MAX(National_Annual!$F$21:$AD$21)-National_Annual!G21)/(MAX(National_Annual!$F$21:$AD$21)-MIN(National_Annual!$F$21:$AD$21))),"")) | H22: =IF(ISBLANK(National_Annual!H21),"",IFERROR(IF(MAX(National_Annual!$F$21:$AD$21)=MIN(National_Annual!$F$21:$AD$21),0,(MAX(National_Annual!$F$21:$AD$21)-National_Annual!H21)/(MAX(National_Annual!$F$21:$AD$21)-MIN(National_Annual!$F$21:$AD$21))),"")) | I22: =IF(ISBLANK(National_Annual!I21),"",IFERROR(IF(MAX(National_Annual!$F$21:$AD$21)=MIN(National_Annual!$F$21:$AD$21),0,(MAX(National_Annual!$F$21:$AD$21)-National_Annual!I21)/(MAX(National_Annual!$F$21:$AD$21)-MIN(National_Annual!$F$21:$AD$21))),"")) | J22: =IF(ISBLANK(National_Annual!J21),"",IFERROR(IF(MAX(National_Annual!$F$21:$AD$21)=MIN(National_Annual!$F$21:$AD$21),0,(MAX(National_Annual!$F$21:$AD$21)-National_Annual!J21)/(MAX(National_Annual!$F$21:$AD$21)-MIN(National_Annual!$F$21:$AD$21))),"")) | K22: =IF(ISBLANK(National_Annual!K21),"",IFERROR(IF(MAX(National_Annual!$F$21:$AD$21)=MIN(National_Annual!$F$21:$AD$21),0,(MAX(National_Annual!$F$21:$AD$21)-National_Annual!K21)/(MAX(National_Annual!$F$21:$AD$21)-MIN(National_Annual!$F$21:$AD$21))),"")) | L22: =IF(ISBLANK(National_Annual!L21),"",IFERROR(IF(MAX(National_Annual!$F$21:$AD$21)=MIN(National_Annual!$F$21:$AD$21),0,(MAX(National_Annual!$F$21:$AD$21)-National_Annual!L21)/(MAX(National_Annual!$F$21:$AD$21)-MIN(National_Annual!$F$21:$AD$21))),"")) | M22: =IF(ISBLANK(National_Annual!M21),"",IFERROR(IF(MAX(National_Annual!$F$21:$AD$21)=MIN(National_Annual!$F$21:$AD$21),0,(MAX(National_Annual!$F$21:$AD$21)-National_Annual!M21)/(MAX(National_Annual!$F$21:$AD$21)-MIN(National_Annual!$F$21:$AD$21))),"")) | ... AD22: =IF(ISBLANK(National_Annual!AD21),"",IFERROR(IF(MAX(National_Annual!$F$21:$AD$21)=MIN(National_Annual!$F$21:$AD$21),0,(MAX(National_Annual!$F$21:$AD$21)-National_Annual!AD21)/(MAX(National_Annual!$F$21:$AD$21)-MIN(National_Annual!$F$21:$AD$21))),"")) -> 0
A23: AI_READY | B23: Government AI Readiness Index | C23: 0–100 | D23: C | E23: AC_TECH | F23: =IF(ISBLANK(National_Annual!F22),"",IFERROR(IF(MAX(National_Annual!$F$22:$AD$22)=MIN(National_Annual!$F$22:$AD$22),0,(MAX(National_Annual!$F$22:$AD$22)-National_Annual!F22)/(MAX(National_Annual!$F$22:$AD$22)-MIN(National_Annual!$F$22:$AD$22))),"")) | G23: =IF(ISBLANK(National_Annual!G22),"",IFERROR(IF(MAX(National_Annual!$F$22:$AD$22)=MIN(National_Annual!$F$22:$AD$22),0,(MAX(National_Annual!$F$22:$AD$22)-National_Annual!G22)/(MAX(National_Annual!$F$22:$AD$22)-MIN(National_Annual!$F$22:$AD$22))),"")) | H23: =IF(ISBLANK(National_Annual!H22),"",IFERROR(IF(MAX(National_Annual!$F$22:$AD$22)=MIN(National_Annual!$F$22:$AD$22),0,(MAX(National_Annual!$F$22:$AD$22)-National_Annual!H22)/(MAX(National_Annual!$F$22:$AD$22)-MIN(National_Annual!$F$22:$AD$22))),"")) | I23: =IF(ISBLANK(National_Annual!I22),"",IFERROR(IF(MAX(National_Annual!$F$22:$AD$22)=MIN(National_Annual!$F$22:$AD$22),0,(MAX(National_Annual!$F$22:$AD$22)-National_Annual!I22)/(MAX(National_Annual!$F$22:$AD$22)-MIN(National_Annual!$F$22:$AD$22))),"")) | J23: =IF(ISBLANK(National_Annual!J22),"",IFERROR(IF(MAX(National_Annual!$F$22:$AD$22)=MIN(National_Annual!$F$22:$AD$22),0,(MAX(National_Annual!$F$22:$AD$22)-National_Annual!J22)/(MAX(National_Annual!$F$22:$AD$22)-MIN(National_Annual!$F$22:$AD$22))),"")) | K23: =IF(ISBLANK(National_Annual!K22),"",IFERROR(IF(MAX(National_Annual!$F$22:$AD$22)=MIN(National_Annual!$F$22:$AD$22),0,(MAX(National_Annual!$F$22:$AD$22)-National_Annual!K22)/(MAX(National_Annual!$F$22:$AD$22)-MIN(National_Annual!$F$22:$AD$22))),"")) | L23: =IF(ISBLANK(National_Annual!L22),"",IFERROR(IF(MAX(National_Annual!$F$22:$AD$22)=MIN(National_Annual!$F$22:$AD$22),0,(MAX(National_Annual!$F$22:$AD$22)-National_Annual!L22)/(MAX(National_Annual!$F$22:$AD$22)-MIN(National_Annual!$F$22:$AD$22))),"")) | M23: =IF(ISBLANK(National_Annual!M22),"",IFERROR(IF(MAX(National_Annual!$F$22:$AD$22)=MIN(National_Annual!$F$22:$AD$22),0,(MAX(National_Annual!$F$22:$AD$22)-National_Annual!M22)/(MAX(National_Annual!$F$22:$AD$22)-MIN(National_Annual!$F$22:$AD$22))),"")) | ... AD23: =IF(ISBLANK(National_Annual!AD22),"",IFERROR(IF(MAX(National_Annual!$F$22:$AD$22)=MIN(National_Annual!$F$22:$AD$22),0,(MAX(National_Annual!$F$22:$AD$22)-National_Annual!AD22)/(MAX(National_Annual!$F$22:$AD$22)-MIN(National_Annual!$F$22:$AD$22))),"")) -> 0
A24: NDGAIN_V | B24: ND-GAIN Vulnerability score | C24: 0–1 | D24: V | E24: REF | F24: =IF(ISBLANK(National_Annual!F23),"",IFERROR(IF(MAX(National_Annual!$F$23:$AD$23)=MIN(National_Annual!$F$23:$AD$23),0,(National_Annual!F23-MIN(National_Annual!$F$23:$AD$23))/(MAX(National_Annual!$F$23:$AD$23)-MIN(National_Annual!$F$23:$AD$23))),"")) -> 1 | G24: =IF(ISBLANK(National_Annual!G23),"",IFERROR(IF(MAX(National_Annual!$F$23:$AD$23)=MIN(National_Annual!$F$23:$AD$23),0,(National_Annual!G23-MIN(National_Annual!$F$23:$AD$23))/(MAX(National_Annual!$F$23:$AD$23)-MIN(National_Annual!$F$23:$AD$23))),"")) -> 0.92857143 | H24: =IF(ISBLANK(National_Annual!H23),"",IFERROR(IF(MAX(National_Annual!$F$23:$AD$23)=MIN(National_Annual!$F$23:$AD$23),0,(National_Annual!H23-MIN(National_Annual!$F$23:$AD$23))/(MAX(National_Annual!$F$23:$AD$23)-MIN(National_Annual!$F$23:$AD$23))),"")) -> 0.88095238 | I24: =IF(ISBLANK(National_Annual!I23),"",IFERROR(IF(MAX(National_Annual!$F$23:$AD$23)=MIN(National_Annual!$F$23:$AD$23),0,(National_Annual!I23-MIN(National_Annual!$F$23:$AD$23))/(MAX(National_Annual!$F$23:$AD$23)-MIN(National_Annual!$F$23:$AD$23))),"")) -> 0.83333333 | J24: =IF(ISBLANK(National_Annual!J23),"",IFERROR(IF(MAX(National_Annual!$F$23:$AD$23)=MIN(National_Annual!$F$23:$AD$23),0,(National_Annual!J23-MIN(National_Annual!$F$23:$AD$23))/(MAX(National_Annual!$F$23:$AD$23)-MIN(National_Annual!$F$23:$AD$23))),"")) -> 0.78571429 | K24: =IF(ISBLANK(National_Annual!K23),"",IFERROR(IF(MAX(National_Annual!$F$23:$AD$23)=MIN(National_Annual!$F$23:$AD$23),0,(National_Annual!K23-MIN(National_Annual!$F$23:$AD$23))/(MAX(National_Annual!$F$23:$AD$23)-MIN(National_Annual!$F$23:$AD$23))),"")) -> 0.73809524 | L24: =IF(ISBLANK(National_Annual!L23),"",IFERROR(IF(MAX(National_Annual!$F$23:$AD$23)=MIN(National_Annual!$F$23:$AD$23),0,(National_Annual!L23-MIN(National_Annual!$F$23:$AD$23))/(MAX(National_Annual!$F$23:$AD$23)-MIN(National_Annual!$F$23:$AD$23))),"")) -> 0.69047619 | M24: =IF(ISBLANK(National_Annual!M23),"",IFERROR(IF(MAX(National_Annual!$F$23:$AD$23)=MIN(National_Annual!$F$23:$AD$23),0,(National_Annual!M23-MIN(National_Annual!$F$23:$AD$23))/(MAX(National_Annual!$F$23:$AD$23)-MIN(National_Annual!$F$23:$AD$23))),"")) -> 0.64285714 | ... AD24: =IF(ISBLANK(National_Annual!AD23),"",IFERROR(IF(MAX(National_Annual!$F$23:$AD$23)=MIN(National_Annual!$F$23:$AD$23),0,(National_Annual!AD23-MIN(National_Annual!$F$23:$AD$23))/(MAX(National_Annual!$F$23:$AD$23)-MIN(National_Annual!$F$23:$AD$23))),"")) -> 0
A25: NDGAIN_R | B25: ND-GAIN Readiness score | C25: 0–1 | D25: C | E25: REF | F25: =IF(ISBLANK(National_Annual!F24),"",IFERROR(IF(MAX(National_Annual!$F$24:$AD$24)=MIN(National_Annual!$F$24:$AD$24),0,(MAX(National_Annual!$F$24:$AD$24)-National_Annual!F24)/(MAX(National_Annual!$F$24:$AD$24)-MIN(National_Annual!$F$24:$AD$24))),"")) -> 1 | G25: =IF(ISBLANK(National_Annual!G24),"",IFERROR(IF(MAX(National_Annual!$F$24:$AD$24)=MIN(National_Annual!$F$24:$AD$24),0,(MAX(National_Annual!$F$24:$AD$24)-National_Annual!G24)/(MAX(National_Annual!$F$24:$AD$24)-MIN(National_Annual!$F$24:$AD$24))),"")) -> 0.94117647 | H25: =IF(ISBLANK(National_Annual!H24),"",IFERROR(IF(MAX(National_Annual!$F$24:$AD$24)=MIN(National_Annual!$F$24:$AD$24),0,(MAX(National_Annual!$F$24:$AD$24)-National_Annual!H24)/(MAX(National_Annual!$F$24:$AD$24)-MIN(National_Annual!$F$24:$AD$24))),"")) -> 0.88235294 | I25: =IF(ISBLANK(National_Annual!I24),"",IFERROR(IF(MAX(National_Annual!$F$24:$AD$24)=MIN(National_Annual!$F$24:$AD$24),0,(MAX(National_Annual!$F$24:$AD$24)-National_Annual!I24)/(MAX(National_Annual!$F$24:$AD$24)-MIN(National_Annual!$F$24:$AD$24))),"")) -> 0.82352941 | J25: =IF(ISBLANK(National_Annual!J24),"",IFERROR(IF(MAX(National_Annual!$F$24:$AD$24)=MIN(National_Annual!$F$24:$AD$24),0,(MAX(National_Annual!$F$24:$AD$24)-National_Annual!J24)/(MAX(National_Annual!$F$24:$AD$24)-MIN(National_Annual!$F$24:$AD$24))),"")) -> 0.76470588 | K25: =IF(ISBLANK(National_Annual!K24),"",IFERROR(IF(MAX(National_Annual!$F$24:$AD$24)=MIN(National_Annual!$F$24:$AD$24),0,(MAX(National_Annual!$F$24:$AD$24)-National_Annual!K24)/(MAX(National_Annual!$F$24:$AD$24)-MIN(National_Annual!$F$24:$AD$24))),"")) -> 0.67058824 | L25: =IF(ISBLANK(National_Annual!L24),"",IFERROR(IF(MAX(National_Annual!$F$24:$AD$24)=MIN(National_Annual!$F$24:$AD$24),0,(MAX(National_Annual!$F$24:$AD$24)-National_Annual!L24)/(MAX(National_Annual!$F$24:$AD$24)-MIN(National_Annual!$F$24:$AD$24))),"")) -> 0.58823529 | M25: =IF(ISBLANK(National_Annual!M24),"",IFERROR(IF(MAX(National_Annual!$F$24:$AD$24)=MIN(National_Annual!$F$24:$AD$24),0,(MAX(National_Annual!$F$24:$AD$24)-National_Annual!M24)/(MAX(National_Annual!$F$24:$AD$24)-MIN(National_Annual!$F$24:$AD$24))),"")) -> 0.52941176 | ... AD25: =IF(ISBLANK(National_Annual!AD24),"",IFERROR(IF(MAX(National_Annual!$F$24:$AD$24)=MIN(National_Annual!$F$24:$AD$24),0,(MAX(National_Annual!$F$24:$AD$24)-National_Annual!AD24)/(MAX(National_Annual!$F$24:$AD$24)-MIN(National_Annual!$F$24:$AD$24))),"")) -> 0

Sheet National_CTVI
A1: Morocco — Climate-Technology Vulnerability Index (CTVI), 2000–2024
A2: Pillar sub-indices = simple average of normalised indicators in that pillar. CTVI = weighted sum (Weights sheet).
A4: Code | B4: Component | C4: 2000 | D4: 2001 | E4: 2002 | F4: 2003 | G4: 2004 | H4: 2005 | I4: 2006 | J4: 2007 | K4: 2008 | L4: 2009 | M4: 2010 | N4: 2011 | O4: 2012 | P4: 2013 | Q4: 2014 | R4: 2015 | S4: 2016 | T4: 2017 | U4: 2018 | V4: 2019 | W4: 2020 | X4: 2021 | Y4: 2022 | Z4: 2023 | AA4: 2024
A5: E_index | B5: Exposure sub-index (E) | C5: =IFERROR(AVERAGE(National_Normalized!F5,National_Normalized!F6,National_Normalized!F7,National_Normalized!F8,National_Normalized!F9),"") -> 0.22234106 | D5: =IFERROR(AVERAGE(National_Normalized!G5,National_Normalized!G6,National_Normalized!G7,National_Normalized!G8,National_Normalized!G9),"") -> 0.27611813 | E5: =IFERROR(AVERAGE(National_Normalized!H5,National_Normalized!H6,National_Normalized!H7,National_Normalized!H8,National_Normalized!H9),"") -> 0.17058432 | F5: =IFERROR(AVERAGE(National_Normalized!I5,National_Normalized!I6,National_Normalized!I7,National_Normalized!I8,National_Normalized!I9),"") -> 0.34393585 | G5: =IFERROR(AVERAGE(National_Normalized!J5,National_Normalized!J6,National_Normalized!J7,National_Normalized!J8,National_Normalized!J9),"") -> 0.1886186 | H5: =IFERROR(AVERAGE(National_Normalized!K5,National_Normalized!K6,National_Normalized!K7,National_Normalized!K8,National_Normalized!K9),"") -> 0.3353725 | I5: =IFERROR(AVERAGE(National_Normalized!L5,National_Normalized!L6,National_Normalized!L7,National_Normalized!L8,National_Normalized!L9),"") -> 0.27271261 | J5: =IFERROR(AVERAGE(National_Normalized!M5,National_Normalized!M6,National_Normalized!M7,National_Normalized!M8,National_Normalized!M9),"") -> 0.39250174 | ... AA5: =IFERROR(AVERAGE(National_Normalized!AD5,National_Normalized!AD6,National_Normalized!AD7,National_Normalized!AD8,National_Normalized!AD9),"") -> 0.9354792
A6: S_index | B6: Sensitivity sub-index (S) | C6: =IFERROR(AVERAGE(National_Normalized!F10,National_Normalized!F11,National_Normalized!F12,National_Normalized!F13),"") -> 0.67372881 | D6: =IFERROR(AVERAGE(National_Normalized!G10,National_Normalized!G11,National_Normalized!G12,National_Normalized!G13),"") -> 0.68056909 | E6: =IFERROR(AVERAGE(National_Normalized!H10,National_Normalized!H11,National_Normalized!H12,National_Normalized!H13),"") -> 0.68915762 | F6: =IFERROR(AVERAGE(National_Normalized!I10,National_Normalized!I11,National_Normalized!I12,National_Normalized!I13),"") -> 0.69967437 | G6: =IFERROR(AVERAGE(National_Normalized!J10,National_Normalized!J11,National_Normalized!J12,National_Normalized!J13),"") -> 0.60425891 | H6: =IFERROR(AVERAGE(National_Normalized!K10,National_Normalized!K11,National_Normalized!K12,National_Normalized!K13),"") -> 0.52754086 | I6: =IFERROR(AVERAGE(National_Normalized!L10,National_Normalized!L11,National_Normalized!L12,National_Normalized!L13),"") -> 0.61607705 | J6: =IFERROR(AVERAGE(National_Normalized!M10,National_Normalized!M11,National_Normalized!M12,National_Normalized!M13),"") -> 0.45037595 | ... AA6: =IFERROR(AVERAGE(National_Normalized!AD10,National_Normalized!AD11,National_Normalized!AD12,National_Normalized!AD13),"") -> 0.27118644
A7: AC_SE_index | B7: Adaptive Capacity (Socio-Econ) sub-index | C7: =IFERROR(AVERAGE(National_Normalized!F14,National_Normalized!F15,National_Normalized!F16),"") -> 0.66666667 | D7: =IFERROR(AVERAGE(National_Normalized!G14,National_Normalized!G15,National_Normalized!G16),"") -> 0.69603309 | E7: =IFERROR(AVERAGE(National_Normalized!H14,National_Normalized!H15,National_Normalized!H16),"") -> 0.73633114 | F7: =IFERROR(AVERAGE(National_Normalized!I14,National_Normalized!I15,National_Normalized!I16),"") -> 0.76089103 | G7: =IFERROR(AVERAGE(National_Normalized!J14,National_Normalized!J15,National_Normalized!J16),"") -> 0.67626242 | H7: =IFERROR(AVERAGE(National_Normalized!K14,National_Normalized!K15,National_Normalized!K16),"") -> 0.53944283 | I7: =IFERROR(AVERAGE(National_Normalized!L14,National_Normalized!L15,National_Normalized!L16),"") -> 0.56448337 | J7: =IFERROR(AVERAGE(National_Normalized!M14,National_Normalized!M15,National_Normalized!M16),"") -> 0.58856261 | ... AA7: =IFERROR(AVERAGE(National_Normalized!AD14,National_Normalized!AD15,National_Normalized!AD16),"") -> 0
A8: AC_TECH_index | B8: Adaptive Capacity (Technology) sub-index | C8: =IFERROR(AVERAGE(National_Normalized!F17,National_Normalized!F18,National_Normalized!F19,National_Normalized!F20,National_Normalized!F21,National_Normalized!F22,National_Normalized!F23),"") -> 0.98229167 | D8: =IFERROR(AVERAGE(National_Normalized!G17,National_Normalized!G18,National_Normalized!G19,National_Normalized!G20,National_Normalized!G21,National_Normalized!G22,National_Normalized!G23),"") -> 0.93742806 | E8: =IFERROR(AVERAGE(National_Normalized!H17,National_Normalized!H18,National_Normalized!H19,National_Normalized!H20,National_Normalized!H21,National_Normalized!H22,National_Normalized!H23),"") -> 0.89743435 | F8: =IFERROR(AVERAGE(National_Normalized!I17,National_Normalized!I18,National_Normalized!I19,National_Normalized!I20,National_Normalized!I21,National_Normalized!I22,National_Normalized!I23),"") -> 0.86067913 | G8: =IFERROR(AVERAGE(National_Normalized!J17,National_Normalized!J18,National_Normalized!J19,National_Normalized!J20,National_Normalized!J21,National_Normalized!J22,National_Normalized!J23),"") -> 0.78549564 | H8: =IFERROR(AVERAGE(National_Normalized!K17,National_Normalized!K18,National_Normalized!K19,National_Normalized!K20,National_Normalized!K21,National_Normalized!K22,National_Normalized!K23),"") -> 0.74260266 | I8: =IFERROR(AVERAGE(National_Normalized!L17,National_Normalized!L18,National_Normalized!L19,National_Normalized!L20,National_Normalized!L21,National_Normalized!L22,National_Normalized!L23),"") -> 0.70465625 | J8: =IFERROR(AVERAGE(National_Normalized!M17,National_Normalized!M18,National_Normalized!M19,National_Normalized!M20,National_Normalized!M21,National_Normalized!M22,National_Normalized!M23),"") -> 0.66683631 | ... AA8: =IFERROR(AVERAGE(National_Normalized!AD17,National_Normalized!AD18,National_Normalized!AD19,National_Normalized!AD20,National_Normalized!AD21,National_Normalized!AD22,National_Normalized!AD23),"") -> 0
A10: CTVI | B10: Composite Climate-Technology Vulnerability Index | C10: =IFERROR(wE*C5 + wS*C6 + wAC*C7 + wT*C8,"") -> 0.6520383 | D10: =IFERROR(wE*D5 + wS*D6 + wAC*D7 + wT*D8,"") -> 0.65960684 | E10: =IFERROR(wE*E5 + wS*E6 + wAC*E7 + wT*E8,"") -> 0.63143202 | F10: =IFERROR(wE*F5 + wS*F6 + wAC*F7 + wT*F8,"") -> 0.6712845 | G10: =IFERROR(wE*G5 + wS*G6 + wAC*G7 + wT*G8,"") -> 0.56912056 | H10: =IFERROR(wE*H5 + wS*H6 + wAC*H7 + wT*H8,"") -> 0.5463977 | I10: =IFERROR(wE*I5 + wS*I6 + wAC*I7 + wT*I8,"") -> 0.54649096 | J10: =IFERROR(wE*J5 + wS*J6 + wAC*J7 + wT*J8,"") -> 0.52848283 | ... AA10: =IFERROR(wE*AA5 + wS*AA6 + wAC*AA7 + wT*AA8,"") -> 0.30166641

Sheet Regional_Indicators
A1: Morocco — Regional Indicators (12 administrative regions, 2022/23 anchor)
A2: Cross-sectional. HCP regional accounts (GDP, population, urbanisation), CCKP gridded climate (centroid means), ANRT regional ICT estimates, MASEN/ONEE installed RE capacity.
A4: Region | B4: TEMP_MEAN | C4: PRECIP | D4: SPEI_PROXY | E4: GDP_PC | F4: AGRI_GDP | G4: URBAN | H4: POP | I4: INTERNET | J4: MOBILE | K4: RE_MW | L4: WATER_STRESS
B5: Mean annual temperature | C5: Mean annual precipitation | D5: Aridity / drought proxy (z-score) | E5: GDP per capita | F5: Agriculture share of regional GDP | G5: Urbanisation rate | H5: Population | I5: Internet penetration | J5: Mobile subscriptions | K5: Installed renewable capacity in region | L5: WRI Aqueduct baseline water stress
B6: °C | C6: mm | D6: z | E6: MAD | F6: % | G6: % | H6: million | I6: % individuals | J6: per 100 pop | K6: MW | L6: 0–1
B7: dir: V | C7: dir: C | D7: dir: C | E7: dir: C | F7: dir: V | G7: dir: V | H7: dir: REF | I7: dir: C | J7: dir: C | K7: dir: C | L7: dir: V
B8: pillar: E | C8: pillar: E | D8: pillar: E | E8: pillar: AC_SE | F8: pillar: S | G8: pillar: S | H8: pillar: REF | I8: pillar: AC_TECH | J8: pillar: AC_TECH | K8: pillar: AC_TECH | L8: pillar: S
A9: Tanger-Tétouan-Al Hoceïma | B9: 18.5 | C9: 700 | D9: -0.2 | E9: 33500 | F9: 12 | G9: 60.5 | H9: 3.95 | I9: 87 | J9: 142 | K9: 1450 | L9: 0.55
A10: Oriental | B10: 17.8 | C10: 320 | D10: -0.95 | E10: 27800 | F10: 18 | G10: 65 | H10: 2.4 | I10: 82 | J10: 138 | K10: 1100 | L10: 0.7
A11: Fès-Meknès | B11: 16.5 | C11: 480 | D11: -0.4 | E11: 26900 | F11: 19 | G11: 60 | H11: 4.55 | I11: 84 | J11: 140 | K11: 290 | L11: 0.6
A12: Rabat-Salé-Kénitra | B12: 18 | C12: 510 | D12: -0.3 | E12: 43124 | F12: 10 | G12: 73 | H12: 5.2 | I12: 92 | J12: 150 | K12: 220 | L12: 0.55
A13: Béni Mellal-Khénifra | B13: 17.2 | C13: 380 | D13: -0.7 | E13: 23400 | F13: 24 | G13: 49.5 | H13: 2.65 | I13: 78 | J13: 132 | K13: 460 | L13: 0.65
A14: Casablanca-Settat | B14: 18.7 | C14: 410 | D14: -0.45 | E14: 54997 | F14: 6 | G14: 78 | H14: 7.2 | I14: 95 | J14: 155 | K14: 380 | L14: 0.6
A15: Marrakech-Safi | B15: 19.8 | C15: 280 | D15: -1 | E15: 22730 | F15: 18 | G15: 47.5 | H15: 4.85 | I15: 80 | J15: 135 | K15: 580 | L15: 0.75
A16: Drâa-Tafilalet | B16: 20.5 | C16: 130 | D16: -1.55 | E16: 19600 | F16: 22 | G16: 36 | H16: 1.65 | I16: 70 | J16: 120 | K16: 1080 | L16: 0.85
A17: Souss-Massa | B17: 19.5 | C17: 220 | D17: -1.2 | E17: 31200 | F17: 16 | G17: 60 | H17: 2.85 | I17: 86 | J17: 142 | K17: 850 | L17: 0.8
A18: Guelmim-Oued Noun | B18: 20.2 | C18: 110 | D18: -1.45 | E18: 44432 | F18: 15 | G18: 60 | H18: 0.45 | I18: 75 | J18: 128 | K18: 150 | L18: 0.85
A19: Laâyoune-Sakia El Hamra | B19: 21.5 | C19: 60 | D19: -1.8 | E19: 71246 | F19: 8 | G19: 75 | H19: 0.4 | I19: 78 | J19: 130 | K19: 305 | L19: 0.9
A20: Dakhla-Oued Ed-Dahab | B20: 22 | C20: 35 | D20: -1.95 | E20: 80996 | F20: 6 | G20: 78 | H20: 0.18 | I20: 80 | J20: 135 | K20: 200 | L20: 0.9

Sheet Regional_Normalized
A1: Morocco — Regional indicators, min–max normalised across 12 regions
A3: Region | B3: TEMP_MEAN | C3: PRECIP | D3: SPEI_PROXY | E3: GDP_PC | F3: AGRI_GDP | G3: URBAN | H3: POP | I3: INTERNET | J3: MOBILE | K3: RE_MW | L3: WATER_STRESS
A4: Tanger-Tétouan-Al Hoceïma | B4: =IFERROR(IF(MAX(Regional_Indicators!$B$9:$B$20)=MIN(Regional_Indicators!$B$9:$B$20),0,(Regional_Indicators!B9-MIN(Regional_Indicators!$B$9:$B$20))/(MAX(Regional_Indicators!$B$9:$B$20)-MIN(Regional_Indicators!$B$9:$B$20))),"") -> 0.36363636 | C4: =IFERROR(IF(MAX(Regional_Indicators!$C$9:$C$20)=MIN(Regional_Indicators!$C$9:$C$20),0,(MAX(Regional_Indicators!$C$9:$C$20)-Regional_Indicators!C9)/(MAX(Regional_Indicators!$C$9:$C$20)-MIN(Regional_Indicators!$C$9:$C$20))),"") -> 0 | D4: =IFERROR(IF(MAX(Regional_Indicators!$D$9:$D$20)=MIN(Regional_Indicators!$D$9:$D$20),0,(MAX(Regional_Indicators!$D$9:$D$20)-Regional_Indicators!D9)/(MAX(Regional_Indicators!$D$9:$D$20)-MIN(Regional_Indicators!$D$9:$D$20))),"") -> 0 | E4: =IFERROR(IF(MAX(Regional_Indicators!$E$9:$E$20)=MIN(Regional_Indicators!$E$9:$E$20),0,(MAX(Regional_Indicators!$E$9:$E$20)-Regional_Indicators!E9)/(MAX(Regional_Indicators!$E$9:$E$20)-MIN(Regional_Indicators!$E$9:$E$20))),"") -> 0.77360089 | F4: =IFERROR(IF(MAX(Regional_Indicators!$F$9:$F$20)=MIN(Regional_Indicators!$F$9:$F$20),0,(Regional_Indicators!F9-MIN(Regional_Indicators!$F$9:$F$20))/(MAX(Regional_Indicators!$F$9:$F$20)-MIN(Regional_Indicators!$F$9:$F$20))),"") -> 0.33333333 | G4: =IFERROR(IF(MAX(Regional_Indicators!$G$9:$G$20)=MIN(Regional_Indicators!$G$9:$G$20),0,(Regional_Indicators!G9-MIN(Regional_Indicators!$G$9:$G$20))/(MAX(Regional_Indicators!$G$9:$G$20)-MIN(Regional_Indicators!$G$9:$G$20))),"") -> 0.58333333 | H4: =0 -> 0 | I4: =IFERROR(IF(MAX(Regional_Indicators!$I$9:$I$20)=MIN(Regional_Indicators!$I$9:$I$20),0,(MAX(Regional_Indicators!$I$9:$I$20)-Regional_Indicators!I9)/(MAX(Regional_Indicators!$I$9:$I$20)-MIN(Regional_Indicators!$I$9:$I$20))),"") -> 0.32 | J4: =IFERROR(IF(MAX(Regional_Indicators!$J$9:$J$20)=MIN(Regional_Indicators!$J$9:$J$20),0,(MAX(Regional_Indicators!$J$9:$J$20)-Regional_Indicators!J9)/(MAX(Regional_Indicators!$J$9:$J$20)-MIN(Regional_Indicators!$J$9:$J$20))),"") -> 0.37142857 | K4: =IFERROR(IF(MAX(Regional_Indicators!$K$9:$K$20)=MIN(Regional_Indicators!$K$9:$K$20),0,(MAX(Regional_Indicators!$K$9:$K$20)-Regional_Indicators!K9)/(MAX(Regional_Indicators!$K$9:$K$20)-MIN(Regional_Indicators!$K$9:$K$20))),"") -> 0 | L4: =IFERROR(IF(MAX(Regional_Indicators!$L$9:$L$20)=MIN(Regional_Indicators!$L$9:$L$20),0,(Regional_Indicators!L9-MIN(Regional_Indicators!$L$9:$L$20))/(MAX(Regional_Indicators!$L$9:$L$20)-MIN(Regional_Indicators!$L$9:$L$20))),"") -> 0
A5: Oriental | B5: =IFERROR(IF(MAX(Regional_Indicators!$B$9:$B$20)=MIN(Regional_Indicators!$B$9:$B$20),0,(Regional_Indicators!B10-MIN(Regional_Indicators!$B$9:$B$20))/(MAX(Regional_Indicators!$B$9:$B$20)-MIN(Regional_Indicators!$B$9:$B$20))),"") -> 0.23636364 | C5: =IFERROR(IF(MAX(Regional_Indicators!$C$9:$C$20)=MIN(Regional_Indicators!$C$9:$C$20),0,(MAX(Regional_Indicators!$C$9:$C$20)-Regional_Indicators!C10)/(MAX(Regional_Indicators!$C$9:$C$20)-MIN(Regional_Indicators!$C$9:$C$20))),"") -> 0.57142857 | D5: =IFERROR(IF(MAX(Regional_Indicators!$D$9:$D$20)=MIN(Regional_Indicators!$D$9:$D$20),0,(MAX(Regional_Indicators!$D$9:$D$20)-Regional_Indicators!D10)/(MAX(Regional_Indicators!$D$9:$D$20)-MIN(Regional_Indicators!$D$9:$D$20))),"") -> 0.42857143 | E5: =IFERROR(IF(MAX(Regional_Indicators!$E$9:$E$20)=MIN(Regional_Indicators!$E$9:$E$20),0,(MAX(Regional_Indicators!$E$9:$E$20)-Regional_Indicators!E10)/(MAX(Regional_Indicators!$E$9:$E$20)-MIN(Regional_Indicators!$E$9:$E$20))),"") -> 0.86644081 | F5: =IFERROR(IF(MAX(Regional_Indicators!$F$9:$F$20)=MIN(Regional_Indicators!$F$9:$F$20),0,(Regional_Indicators!F10-MIN(Regional_Indicators!$F$9:$F$20))/(MAX(Regional_Indicators!$F$9:$F$20)-MIN(Regional_Indicators!$F$9:$F$20))),"") -> 0.66666667 | G5: =IFERROR(IF(MAX(Regional_Indicators!$G$9:$G$20)=MIN(Regional_Indicators!$G$9:$G$20),0,(Regional_Indicators!G10-MIN(Regional_Indicators!$G$9:$G$20))/(MAX(Regional_Indicators!$G$9:$G$20)-MIN(Regional_Indicators!$G$9:$G$20))),"") -> 0.69047619 | H5: =0 -> 0 | I5: =IFERROR(IF(MAX(Regional_Indicators!$I$9:$I$20)=MIN(Regional_Indicators!$I$9:$I$20),0,(MAX(Regional_Indicators!$I$9:$I$20)-Regional_Indicators!I10)/(MAX(Regional_Indicators!$I$9:$I$20)-MIN(Regional_Indicators!$I$9:$I$20))),"") -> 0.52 | J5: =IFERROR(IF(MAX(Regional_Indicators!$J$9:$J$20)=MIN(Regional_Indicators!$J$9:$J$20),0,(MAX(Regional_Indicators!$J$9:$J$20)-Regional_Indicators!J10)/(MAX(Regional_Indicators!$J$9:$J$20)-MIN(Regional_Indicators!$J$9:$J$20))),"") -> 0.48571429 | K5: =IFERROR(IF(MAX(Regional_Indicators!$K$9:$K$20)=MIN(Regional_Indicators!$K$9:$K$20),0,(MAX(Regional_Indicators!$K$9:$K$20)-Regional_Indicators!K10)/(MAX(Regional_Indicators!$K$9:$K$20)-MIN(Regional_Indicators!$K$9:$K$20))),"") -> 0.26923077 | L5: =IFERROR(IF(MAX(Regional_Indicators!$L$9:$L$20)=MIN(Regional_Indicators!$L$9:$L$20),0,(Regional_Indicators!L10-MIN(Regional_Indicators!$L$9:$L$20))/(MAX(Regional_Indicators!$L$9:$L$20)-MIN(Regional_Indicators!$L$9:$L$20))),"") -> 0.42857143
A6: Fès-Meknès | B6: =IFERROR(IF(MAX(Regional_Indicators!$B$9:$B$20)=MIN(Regional_Indicators!$B$9:$B$20),0,(Regional_Indicators!B11-MIN(Regional_Indicators!$B$9:$B$20))/(MAX(Regional_Indicators!$B$9:$B$20)-MIN(Regional_Indicators!$B$9:$B$20))),"") -> 0 | C6: =IFERROR(IF(MAX(Regional_Indicators!$C$9:$C$20)=MIN(Regional_Indicators!$C$9:$C$20),0,(MAX(Regional_Indicators!$C$9:$C$20)-Regional_Indicators!C11)/(MAX(Regional_Indicators!$C$9:$C$20)-MIN(Regional_Indicators!$C$9:$C$20))),"") -> 0.33082707 | D6: =IFERROR(IF(MAX(Regional_Indicators!$D$9:$D$20)=MIN(Regional_Indicators!$D$9:$D$20),0,(MAX(Regional_Indicators!$D$9:$D$20)-Regional_Indicators!D11)/(MAX(Regional_Indicators!$D$9:$D$20)-MIN(Regional_Indicators!$D$9:$D$20))),"") -> 0.11428571 | E6: =IFERROR(IF(MAX(Regional_Indicators!$E$9:$E$20)=MIN(Regional_Indicators!$E$9:$E$20),0,(MAX(Regional_Indicators!$E$9:$E$20)-Regional_Indicators!E11)/(MAX(Regional_Indicators!$E$9:$E$20)-MIN(Regional_Indicators!$E$9:$E$20))),"") -> 0.88109975 | F6: =IFERROR(IF(MAX(Regional_Indicators!$F$9:$F$20)=MIN(Regional_Indicators!$F$9:$F$20),0,(Regional_Indicators!F11-MIN(Regional_Indicators!$F$9:$F$20))/(MAX(Regional_Indicators!$F$9:$F$20)-MIN(Regional_Indicators!$F$9:$F$20))),"") -> 0.72222222 | G6: =IFERROR(IF(MAX(Regional_Indicators!$G$9:$G$20)=MIN(Regional_Indicators!$G$9:$G$20),0,(Regional_Indicators!G11-MIN(Regional_Indicators!$G$9:$G$20))/(MAX(Regional_Indicators!$G$9:$G$20)-MIN(Regional_Indicators!$G$9:$G$20))),"") -> 0.57142857 | H6: =0 -> 0 | I6: =IFERROR(IF(MAX(Regional_Indicators!$I$9:$I$20)=MIN(Regional_Indicators!$I$9:$I$20),0,(MAX(Regional_Indicators!$I$9:$I$20)-Regional_Indicators!I11)/(MAX(Regional_Indicators!$I$9:$I$20)-MIN(Regional_Indicators!$I$9:$I$20))),"") -> 0.44 | J6: =IFERROR(IF(MAX(Regional_Indicators!$J$9:$J$20)=MIN(Regional_Indicators!$J$9:$J$20),0,(MAX(Regional_Indicators!$J$9:$J$20)-Regional_Indicators!J11)/(MAX(Regional_Indicators!$J$9:$J$20)-MIN(Regional_Indicators!$J$9:$J$20))),"") -> 0.42857143 | K6: =IFERROR(IF(MAX(Regional_Indicators!$K$9:$K$20)=MIN(Regional_Indicators!$K$9:$K$20),0,(MAX(Regional_Indicators!$K$9:$K$20)-Regional_Indicators!K11)/(MAX(Regional_Indicators!$K$9:$K$20)-MIN(Regional_Indicators!$K$9:$K$20))),"") -> 0.89230769 | L6: =IFERROR(IF(MAX(Regional_Indicators!$L$9:$L$20)=MIN(Regional_Indicators!$L$9:$L$20),0,(Regional_Indicators!L11-MIN(Regional_Indicators!$L$9:$L$20))/(MAX(Regional_Indicators!$L$9:$L$20)-MIN(Regional_Indicators!$L$9:$L$20))),"") -> 0.14285714
A7: Rabat-Salé-Kénitra | B7: =IFERROR(IF(MAX(Regional_Indicators!$B$9:$B$20)=MIN(Regional_Indicators!$B$9:$B$20),0,(Regional_Indicators!B12-MIN(Regional_Indicators!$B$9:$B$20))/(MAX(Regional_Indicators!$B$9:$B$20)-MIN(Regional_Indicators!$B$9:$B$20))),"") -> 0.27272727 | C7: =IFERROR(IF(MAX(Regional_Indicators!$C$9:$C$20)=MIN(Regional_Indicators!$C$9:$C$20),0,(MAX(Regional_Indicators!$C$9:$C$20)-Regional_Indicators!C12)/(MAX(Regional_Indicators!$C$9:$C$20)-MIN(Regional_Indicators!$C$9:$C$20))),"") -> 0.28571429 | D7: =IFERROR(IF(MAX(Regional_Indicators!$D$9:$D$20)=MIN(Regional_Indicators!$D$9:$D$20),0,(MAX(Regional_Indicators!$D$9:$D$20)-Regional_Indicators!D12)/(MAX(Regional_Indicators!$D$9:$D$20)-MIN(Regional_Indicators!$D$9:$D$20))),"") -> 0.057142857 | E7: =IFERROR(IF(MAX(Regional_Indicators!$E$9:$E$20)=MIN(Regional_Indicators!$E$9:$E$20),0,(MAX(Regional_Indicators!$E$9:$E$20)-Regional_Indicators!E12)/(MAX(Regional_Indicators!$E$9:$E$20)-MIN(Regional_Indicators!$E$9:$E$20))),"") -> 0.616848 | F7: =IFERROR(IF(MAX(Regional_Indicators!$F$9:$F$20)=MIN(Regional_Indicators!$F$9:$F$20),0,(Regional_Indicators!F12-MIN(Regional_Indicators!$F$9:$F$20))/(MAX(Regional_Indicators!$F$9:$F$20)-MIN(Regional_Indicators!$F$9:$F$20))),"") -> 0.22222222 | G7: =IFERROR(IF(MAX(Regional_Indicators!$G$9:$G$20)=MIN(Regional_Indicators!$G$9:$G$20),0,(Regional_Indicators!G12-MIN(Regional_Indicators!$G$9:$G$20))/(MAX(Regional_Indicators!$G$9:$G$20)-MIN(Regional_Indicators!$G$9:$G$20))),"") -> 0.88095238 | H7: =0 -> 0 | I7: =IFERROR(IF(MAX(Regional_Indicators!$I$9:$I$20)=MIN(Regional_Indicators!$I$9:$I$20),0,(MAX(Regional_Indicators!$I$9:$I$20)-Regional_Indicators!I12)/(MAX(Regional_Indicators!$I$9:$I$20)-MIN(Regional_Indicators!$I$9:$I$20))),"") -> 0.12 | J7: =IFERROR(IF(MAX(Regional_Indicators!$J$9:$J$20)=MIN(Regional_Indicators!$J$9:$J$20),0,(MAX(Regional_Indicators!$J$9:$J$20)-Regional_Indicators!J12)/(MAX(Regional_Indicators!$J$9:$J$20)-MIN(Regional_Indicators!$J$9:$J$20))),"") -> 0.14285714 | K7: =IFERROR(IF(MAX(Regional_Indicators!$K$9:$K$20)=MIN(Regional_Indicators!$K$9:$K$20),0,(MAX(Regional_Indicators!$K$9:$K$20)-Regional_Indicators!K12)/(MAX(Regional_Indicators!$K$9:$K$20)-MIN(Regional_Indicators!$K$9:$K$20))),"") -> 0.94615385 | L7: =IFERROR(IF(MAX(Regional_Indicators!$L$9:$L$20)=MIN(Regional_Indicators!$L$9:$L$20),0,(Regional_Indicators!L12-MIN(Regional_Indicators!$L$9:$L$20))/(MAX(Regional_Indicators!$L$9:$L$20)-MIN(Regional_Indicators!$L$9:$L$20))),"") -> 0
A8: Béni Mellal-Khénifra | B8: =IFERROR(IF(MAX(Regional_Indicators!$B$9:$B$20)=MIN(Regional_Indicators!$B$9:$B$20),0,(Regional_Indicators!B13-MIN(Regional_Indicators!$B$9:$B$20))/(MAX(Regional_Indicators!$B$9:$B$20)-MIN(Regional_Indicators!$B$9:$B$20))),"") -> 0.12727273 | C8: =IFERROR(IF(MAX(Regional_Indicators!$C$9:$C$20)=MIN(Regional_Indicators!$C$9:$C$20),0,(MAX(Regional_Indicators!$C$9:$C$20)-Regional_Indicators!C13)/(MAX(Regional_Indicators!$C$9:$C$20)-MIN(Regional_Indicators!$C$9:$C$20))),"") -> 0.48120301 | D8: =IFERROR(IF(MAX(Regional_Indicators!$D$9:$D$20)=MIN(Regional_Indicators!$D$9:$D$20),0,(MAX(Regional_Indicators!$D$9:$D$20)-Regional_Indicators!D13)/(MAX(Regional_Indicators!$D$9:$D$20)-MIN(Regional_Indicators!$D$9:$D$20))),"") -> 0.28571429 | E8: =IFERROR(IF(MAX(Regional_Indicators!$E$9:$E$20)=MIN(Regional_Indicators!$E$9:$E$20),0,(MAX(Regional_Indicators!$E$9:$E$20)-Regional_Indicators!E13)/(MAX(Regional_Indicators!$E$9:$E$20)-MIN(Regional_Indicators!$E$9:$E$20))),"") -> 0.93810672 | F8: =IFERROR(IF(MAX(Regional_Indicators!$F$9:$F$20)=MIN(Regional_Indicators!$F$9:$F$20),0,(Regional_Indicators!F13-MIN(Regional_Indicators!$F$9:$F$20))/(MAX(Regional_Indicators!$F$9:$F$20)-MIN(Regional_Indicators!$F$9:$F$20))),"") -> 1 | G8: =IFERROR(IF(MAX(Regional_Indicators!$G$9:$G$20)=MIN(Regional_Indicators!$G$9:$G$20),0,(Regional_Indicators!G13-MIN(Regional_Indicators!$G$9:$G$20))/(MAX(Regional_Indicators!$G$9:$G$20)-MIN(Regional_Indicators!$G$9:$G$20))),"") -> 0.32142857 | H8: =0 -> 0 | I8: =IFERROR(IF(MAX(Regional_Indicators!$I$9:$I$20)=MIN(Regional_Indicators!$I$9:$I$20),0,(MAX(Regional_Indicators!$I$9:$I$20)-Regional_Indicators!I13)/(MAX(Regional_Indicators!$I$9:$I$20)-MIN(Regional_Indicators!$I$9:$I$20))),"") -> 0.68 | J8: =IFERROR(IF(MAX(Regional_Indicators!$J$9:$J$20)=MIN(Regional_Indicators!$J$9:$J$20),0,(MAX(Regional_Indicators!$J$9:$J$20)-Regional_Indicators!J13)/(MAX(Regional_Indicators!$J$9:$J$20)-MIN(Regional_Indicators!$J$9:$J$20))),"") -> 0.65714286 | K8: =IFERROR(IF(MAX(Regional_Indicators!$K$9:$K$20)=MIN(Regional_Indicators!$K$9:$K$20),0,(MAX(Regional_Indicators!$K$9:$K$20)-Regional_Indicators!K13)/(MAX(Regional_Indicators!$K$9:$K$20)-MIN(Regional_Indicators!$K$9:$K$20))),"") -> 0.76153846 | L8: =IFERROR(IF(MAX(Regional_Indicators!$L$9:$L$20)=MIN(Regional_Indicators!$L$9:$L$20),0,(Regional_Indicators!L13-MIN(Regional_Indicators!$L$9:$L$20))/(MAX(Regional_Indicators!$L$9:$L$20)-MIN(Regional_Indicators!$L$9:$L$20))),"") -> 0.28571429
A9: Casablanca-Settat | B9: =IFERROR(IF(MAX(Regional_Indicators!$B$9:$B$20)=MIN(Regional_Indicators!$B$9:$B$20),0,(Regional_Indicators!B14-MIN(Regional_Indicators!$B$9:$B$20))/(MAX(Regional_Indicators!$B$9:$B$20)-MIN(Regional_Indicators!$B$9:$B$20))),"") -> 0.4 | C9: =IFERROR(IF(MAX(Regional_Indicators!$C$9:$C$20)=MIN(Regional_Indicators!$C$9:$C$20),0,(MAX(Regional_Indicators!$C$9:$C$20)-Regional_Indicators!C14)/(MAX(Regional_Indicators!$C$9:$C$20)-MIN(Regional_Indicators!$C$9:$C$20))),"") -> 0.43609023 | D9: =IFERROR(IF(MAX(Regional_Indicators!$D$9:$D$20)=MIN(Regional_Indicators!$D$9:$D$20),0,(MAX(Regional_Indicators!$D$9:$D$20)-Regional_Indicators!D14)/(MAX(Regional_Indicators!$D$9:$D$20)-MIN(Regional_Indicators!$D$9:$D$20))),"") -> 0.14285714 | E9: =IFERROR(IF(MAX(Regional_Indicators!$E$9:$E$20)=MIN(Regional_Indicators!$E$9:$E$20),0,(MAX(Regional_Indicators!$E$9:$E$20)-Regional_Indicators!E14)/(MAX(Regional_Indicators!$E$9:$E$20)-MIN(Regional_Indicators!$E$9:$E$20))),"") -> 0.42346407 | F9: =IFERROR(IF(MAX(Regional_Indicators!$F$9:$F$20)=MIN(Regional_Indicators!$F$9:$F$20),0,(Regional_Indicators!F14-MIN(Regional_Indicators!$F$9:$F$20))/(MAX(Regional_Indicators!$F$9:$F$20)-MIN(Regional_Indicators!$F$9:$F$20))),"") -> 0 | G9: =IFERROR(IF(MAX(Regional_Indicators!$G$9:$G$20)=MIN(Regional_Indicators!$G$9:$G$20),0,(Regional_Indicators!G14-MIN(Regional_Indicators!$G$9:$G$20))/(MAX(Regional_Indicators!$G$9:$G$20)-MIN(Regional_Indicators!$G$9:$G$20))),"") -> 1 | H9: =0 -> 0 | I9: =IFERROR(IF(MAX(Regional_Indicators!$I$9:$I$20)=MIN(Regional_Indicators!$I$9:$I$20),0,(MAX(Regional_Indicators!$I$9:$I$20)-Regional_Indicators!I14)/(MAX(Regional_Indicators!$I$9:$I$20)-MIN(Regional_Indicators!$I$9:$I$20))),"") -> 0 | J9: =IFERROR(IF(MAX(Regional_Indicators!$J$9:$J$20)=MIN(Regional_Indicators!$J$9:$J$20),0,(MAX(Regional_Indicators!$J$9:$J$20)-Regional_Indicators!J14)/(MAX(Regional_Indicators!$J$9:$J$20)-MIN(Regional_Indicators!$J$9:$J$20))),"") -> 0 | K9: =IFERROR(IF(MAX(Regional_Indicators!$K$9:$K$20)=MIN(Regional_Indicators!$K$9:$K$20),0,(MAX(Regional_Indicators!$K$9:$K$20)-Regional_Indicators!K14)/(MAX(Regional_Indicators!$K$9:$K$20)-MIN(Regional_Indicators!$K$9:$K$20))),"") -> 0.82307692 | L9: =IFERROR(IF(MAX(Regional_Indicators!$L$9:$L$20)=MIN(Regional_Indicators!$L$9:$L$20),0,(Regional_Indicators!L14-MIN(Regional_Indicators!$L$9:$L$20))/(MAX(Regional_Indicators!$L$9:$L$20)-MIN(Regional_Indicators!$L$9:$L$20))),"") -> 0.14285714
A10: Marrakech-Safi | B10: =IFERROR(IF(MAX(Regional_Indicators!$B$9:$B$20)=MIN(Regional_Indicators!$B$9:$B$20),0,(Regional_Indicators!B15-MIN(Regional_Indicators!$B$9:$B$20))/(MAX(Regional_Indicators!$B$9:$B$20)-MIN(Regional_Indicators!$B$9:$B$20))),"") -> 0.6 | C10: =IFERROR(IF(MAX(Regional_Indicators!$C$9:$C$20)=MIN(Regional_Indicators!$C$9:$C$20),0,(MAX(Regional_Indicators!$C$9:$C$20)-Regional_Indicators!C15)/(MAX(Regional_Indicators!$C$9:$C$20)-MIN(Regional_Indicators!$C$9:$C$20))),"") -> 0.63157895 | D10: =IFERROR(IF(MAX(Regional_Indicators!$D$9:$D$20)=MIN(Regional_Indicators!$D$9:$D$20),0,(MAX(Regional_Indicators!$D$9:$D$20)-Regional_Indicators!D15)/(MAX(Regional_Indicators!$D$9:$D$20)-MIN(Regional_Indicators!$D$9:$D$20))),"") -> 0.45714286 | E10: =IFERROR(IF(MAX(Regional_Indicators!$E$9:$E$20)=MIN(Regional_Indicators!$E$9:$E$20),0,(MAX(Regional_Indicators!$E$9:$E$20)-Regional_Indicators!E15)/(MAX(Regional_Indicators!$E$9:$E$20)-MIN(Regional_Indicators!$E$9:$E$20))),"") -> 0.94901948 | F10: =IFERROR(IF(MAX(Regional_Indicators!$F$9:$F$20)=MIN(Regional_Indicators!$F$9:$F$20),0,(Regional_Indicators!F15-MIN(Regional_Indicators!$F$9:$F$20))/(MAX(Regional_Indicators!$F$9:$F$20)-MIN(Regional_Indicators!$F$9:$F$20))),"") -> 0.66666667 | G10: =IFERROR(IF(MAX(Regional_Indicators!$G$9:$G$20)=MIN(Regional_Indicators!$G$9:$G$20),0,(Regional_Indicators!G15-MIN(Regional_Indicators!$G$9:$G$20))/(MAX(Regional_Indicators!$G$9:$G$20)-MIN(Regional_Indicators!$G$9:$G$20))),"") -> 0.27380952 | H10: =0 -> 0 | I10: =IFERROR(IF(MAX(Regional_Indicators!$I$9:$I$20)=MIN(Regional_Indicators!$I$9:$I$20),0,(MAX(Regional_Indicators!$I$9:$I$20)-Regional_Indicators!I15)/(MAX(Regional_Indicators!$I$9:$I$20)-MIN(Regional_Indicators!$I$9:$I$20))),"") -> 0.6 | J10: =IFERROR(IF(MAX(Regional_Indicators!$J$9:$J$20)=MIN(Regional_Indicators!$J$9:$J$20),0,(MAX(Regional_Indicators!$J$9:$J$20)-Regional_Indicators!J15)/(MAX(Regional_Indicators!$J$9:$J$20)-MIN(Regional_Indicators!$J$9:$J$20))),"") -> 0.57142857 | K10: =IFERROR(IF(MAX(Regional_Indicators!$K$9:$K$20)=MIN(Regional_Indicators!$K$9:$K$20),0,(MAX(Regional_Indicators!$K$9:$K$20)-Regional_Indicators!K15)/(MAX(Regional_Indicators!$K$9:$K$20)-MIN(Regional_Indicators!$K$9:$K$20))),"") -> 0.66923077 | L10: =IFERROR(IF(MAX(Regional_Indicators!$L$9:$L$20)=MIN(Regional_Indicators!$L$9:$L$20),0,(Regional_Indicators!L15-MIN(Regional_Indicators!$L$9:$L$20))/(MAX(Regional_Indicators!$L$9:$L$20)-MIN(Regional_Indicators!$L$9:$L$20))),"") -> 0.57142857
A11: Drâa-Tafilalet | B11: =IFERROR(IF(MAX(Regional_Indicators!$B$9:$B$20)=MIN(Regional_Indicators!$B$9:$B$20),0,(Regional_Indicators!B16-MIN(Regional_Indicators!$B$9:$B$20))/(MAX(Regional_Indicators!$B$9:$B$20)-MIN(Regional_Indicators!$B$9:$B$20))),"") -> 0.72727273 | C11: =IFERROR(IF(MAX(Regional_Indicators!$C$9:$C$20)=MIN(Regional_Indicators!$C$9:$C$20),0,(MAX(Regional_Indicators!$C$9:$C$20)-Regional_Indicators!C16)/(MAX(Regional_Indicators!$C$9:$C$20)-MIN(Regional_Indicators!$C$9:$C$20))),"") -> 0.85714286 | D11: =IFERROR(IF(MAX(Regional_Indicators!$D$9:$D$20)=MIN(Regional_Indicators!$D$9:$D$20),0,(MAX(Regional_Indicators!$D$9:$D$20)-Regional_Indicators!D16)/(MAX(Regional_Indicators!$D$9:$D$20)-MIN(Regional_Indicators!$D$9:$D$20))),"") -> 0.77142857 | E11: =IFERROR(IF(MAX(Regional_Indicators!$E$9:$E$20)=MIN(Regional_Indicators!$E$9:$E$20),0,(MAX(Regional_Indicators!$E$9:$E$20)-Regional_Indicators!E16)/(MAX(Regional_Indicators!$E$9:$E$20)-MIN(Regional_Indicators!$E$9:$E$20))),"") -> 1 | F11: =IFERROR(IF(MAX(Regional_Indicators!$F$9:$F$20)=MIN(Regional_Indicators!$F$9:$F$20),0,(Regional_Indicators!F16-MIN(Regional_Indicators!$F$9:$F$20))/(MAX(Regional_Indicators!$F$9:$F$20)-MIN(Regional_Indicators!$F$9:$F$20))),"") -> 0.88888889 | G11: =IFERROR(IF(MAX(Regional_Indicators!$G$9:$G$20)=MIN(Regional_Indicators!$G$9:$G$20),0,(Regional_Indicators!G16-MIN(Regional_Indicators!$G$9:$G$20))/(MAX(Regional_Indicators!$G$9:$G$20)-MIN(Regional_Indicators!$G$9:$G$20))),"") -> 0 | H11: =0 -> 0 | I11: =IFERROR(IF(MAX(Regional_Indicators!$I$9:$I$20)=MIN(Regional_Indicators!$I$9:$I$20),0,(MAX(Regional_Indicators!$I$9:$I$20)-Regional_Indicators!I16)/(MAX(Regional_Indicators!$I$9:$I$20)-MIN(Regional_Indicators!$I$9:$I$20))),"") -> 1 | J11: =IFERROR(IF(MAX(Regional_Indicators!$J$9:$J$20)=MIN(Regional_Indicators!$J$9:$J$20),0,(MAX(Regional_Indicators!$J$9:$J$20)-Regional_Indicators!J16)/(MAX(Regional_Indicators!$J$9:$J$20)-MIN(Regional_Indicators!$J$9:$J$20))),"") -> 1 | K11: =IFERROR(IF(MAX(Regional_Indicators!$K$9:$K$20)=MIN(Regional_Indicators!$K$9:$K$20),0,(MAX(Regional_Indicators!$K$9:$K$20)-Regional_Indicators!K16)/(MAX(Regional_Indicators!$K$9:$K$20)-MIN(Regional_Indicators!$K$9:$K$20))),"") -> 0.28461538 | L11: =IFERROR(IF(MAX(Regional_Indicators!$L$9:$L$20)=MIN(Regional_Indicators!$L$9:$L$20),0,(Regional_Indicators!L16-MIN(Regional_Indicators!$L$9:$L$20))/(MAX(Regional_Indicators!$L$9:$L$20)-MIN(Regional_Indicators!$L$9:$L$20))),"") -> 0.85714286
A12: Souss-Massa | B12: =IFERROR(IF(MAX(Regional_Indicators!$B$9:$B$20)=MIN(Regional_Indicators!$B$9:$B$20),0,(Regional_Indicators!B17-MIN(Regional_Indicators!$B$9:$B$20))/(MAX(Regional_Indicators!$B$9:$B$20)-MIN(Regional_Indicators!$B$9:$B$20))),"") -> 0.54545455 | C12: =IFERROR(IF(MAX(Regional_Indicators!$C$9:$C$20)=MIN(Regional_Indicators!$C$9:$C$20),0,(MAX(Regional_Indicators!$C$9:$C$20)-Regional_Indicators!C17)/(MAX(Regional_Indicators!$C$9:$C$20)-MIN(Regional_Indicators!$C$9:$C$20))),"") -> 0.72180451 | D12: =IFERROR(IF(MAX(Regional_Indicators!$D$9:$D$20)=MIN(Regional_Indicators!$D$9:$D$20),0,(MAX(Regional_Indicators!$D$9:$D$20)-Regional_Indicators!D17)/(MAX(Regional_Indicators!$D$9:$D$20)-MIN(Regional_Indicators!$D$9:$D$20))),"") -> 0.57142857 | E12: =IFERROR(IF(MAX(Regional_Indicators!$E$9:$E$20)=MIN(Regional_Indicators!$E$9:$E$20),0,(MAX(Regional_Indicators!$E$9:$E$20)-Regional_Indicators!E17)/(MAX(Regional_Indicators!$E$9:$E$20)-MIN(Regional_Indicators!$E$9:$E$20))),"") -> 0.81106261 | F12: =IFERROR(IF(MAX(Regional_Indicators!$F$9:$F$20)=MIN(Regional_Indicators!$F$9:$F$20),0,(Regional_Indicators!F17-MIN(Regional_Indicators!$F$9:$F$20))/(MAX(Regional_Indicators!$F$9:$F$20)-MIN(Regional_Indicators!$F$9:$F$20))),"") -> 0.55555556 | G12: =IFERROR(IF(MAX(Regional_Indicators!$G$9:$G$20)=MIN(Regional_Indicators!$G$9:$G$20),0,(Regional_Indicators!G17-MIN(Regional_Indicators!$G$9:$G$20))/(MAX(Regional_Indicators!$G$9:$G$20)-MIN(Regional_Indicators!$G$9:$G$20))),"") -> 0.57142857 | H12: =0 -> 0 | I12: =IFERROR(IF(MAX(Regional_Indicators!$I$9:$I$20)=MIN(Regional_Indicators!$I$9:$I$20),0,(MAX(Regional_Indicators!$I$9:$I$20)-Regional_Indicators!I17)/(MAX(Regional_Indicators!$I$9:$I$20)-MIN(Regional_Indicators!$I$9:$I$20))),"") -> 0.36 | J12: =IFERROR(IF(MAX(Regional_Indicators!$J$9:$J$20)=MIN(Regional_Indicators!$J$9:$J$20),0,(MAX(Regional_Indicators!$J$9:$J$20)-Regional_Indicators!J17)/(MAX(Regional_Indicators!$J$9:$J$20)-MIN(Regional_Indicators!$J$9:$J$20))),"") -> 0.37142857 | K12: =IFERROR(IF(MAX(Regional_Indicators!$K$9:$K$20)=MIN(Regional_Indicators!$K$9:$K$20),0,(MAX(Regional_Indicators!$K$9:$K$20)-Regional_Indicators!K17)/(MAX(Regional_Indicators!$K$9:$K$20)-MIN(Regional_Indicators!$K$9:$K$20))),"") -> 0.46153846 | L12: =IFERROR(IF(MAX(Regional_Indicators!$L$9:$L$20)=MIN(Regional_Indicators!$L$9:$L$20),0,(Regional_Indicators!L17-MIN(Regional_Indicators!$L$9:$L$20))/(MAX(Regional_Indicators!$L$9:$L$20)-MIN(Regional_Indicators!$L$9:$L$20))),"") -> 0.71428571
A13: Guelmim-Oued Noun | B13: =IFERROR(IF(MAX(Regional_Indicators!$B$9:$B$20)=MIN(Regional_Indicators!$B$9:$B$20),0,(Regional_Indicators!B18-MIN(Regional_Indicators!$B$9:$B$20))/(MAX(Regional_Indicators!$B$9:$B$20)-MIN(Regional_Indicators!$B$9:$B$20))),"") -> 0.67272727 | C13: =IFERROR(IF(MAX(Regional_Indicators!$C$9:$C$20)=MIN(Regional_Indicators!$C$9:$C$20),0,(MAX(Regional_Indicators!$C$9:$C$20)-Regional_Indicators!C18)/(MAX(Regional_Indicators!$C$9:$C$20)-MIN(Regional_Indicators!$C$9:$C$20))),"") -> 0.88721805 | D13: =IFERROR(IF(MAX(Regional_Indicators!$D$9:$D$20)=MIN(Regional_Indicators!$D$9:$D$20),0,(MAX(Regional_Indicators!$D$9:$D$20)-Regional_Indicators!D18)/(MAX(Regional_Indicators!$D$9:$D$20)-MIN(Regional_Indicators!$D$9:$D$20))),"") -> 0.71428571 | E13: =IFERROR(IF(MAX(Regional_Indicators!$E$9:$E$20)=MIN(Regional_Indicators!$E$9:$E$20),0,(MAX(Regional_Indicators!$E$9:$E$20)-Regional_Indicators!E18)/(MAX(Regional_Indicators!$E$9:$E$20)-MIN(Regional_Indicators!$E$9:$E$20))),"") -> 0.59554368 | F13: =IFERROR(IF(MAX(Regional_Indicators!$F$9:$F$20)=MIN(Regional_Indicators!$F$9:$F$20),0,(Regional_Indicators!F18-MIN(Regional_Indicators!$F$9:$F$20))/(MAX(Regional_Indicators!$F$9:$F$20)-MIN(Regional_Indicators!$F$9:$F$20))),"") -> 0.5 | G13: =IFERROR(IF(MAX(Regional_Indicators!$G$9:$G$20)=MIN(Regional_Indicators!$G$9:$G$20),0,(Regional_Indicators!G18-MIN(Regional_Indicators!$G$9:$G$20))/(MAX(Regional_Indicators!$G$9:$G$20)-MIN(Regional_Indicators!$G$9:$G$20))),"") -> 0.57142857 | H13: =0 -> 0 | I13: =IFERROR(IF(MAX(Regional_Indicators!$I$9:$I$20)=MIN(Regional_Indicators!$I$9:$I$20),0,(MAX(Regional_Indicators!$I$9:$I$20)-Regional_Indicators!I18)/(MAX(Regional_Indicators!$I$9:$I$20)-MIN(Regional_Indicators!$I$9:$I$20))),"") -> 0.8 | J13: =IFERROR(IF(MAX(Regional_Indicators!$J$9:$J$20)=MIN(Regional_Indicators!$J$9:$J$20),0,(MAX(Regional_Indicators!$J$9:$J$20)-Regional_Indicators!J18)/(MAX(Regional_Indicators!$J$9:$J$20)-MIN(Regional_Indicators!$J$9:$J$20))),"") -> 0.77142857 | K13: =IFERROR(IF(MAX(Regional_Indicators!$K$9:$K$20)=MIN(Regional_Indicators!$K$9:$K$20),0,(MAX(Regional_Indicators!$K$9:$K$20)-Regional_Indicators!K18)/(MAX(Regional_Indicators!$K$9:$K$20)-MIN(Regional_Indicators!$K$9:$K$20))),"") -> 1 | L13: =IFERROR(IF(MAX(Regional_Indicators!$L$9:$L$20)=MIN(Regional_Indicators!$L$9:$L$20),0,(Regional_Indicators!L18-MIN(Regional_Indicators!$L$9:$L$20))/(MAX(Regional_Indicators!$L$9:$L$20)-MIN(Regional_Indicators!$L$9:$L$20))),"") -> 0.85714286
A14: Laâyoune-Sakia El Hamra | B14: =IFERROR(IF(MAX(Regional_Indicators!$B$9:$B$20)=MIN(Regional_Indicators!$B$9:$B$20),0,(Regional_Indicators!B19-MIN(Regional_Indicators!$B$9:$B$20))/(MAX(Regional_Indicators!$B$9:$B$20)-MIN(Regional_Indicators!$B$9:$B$20))),"") -> 0.90909091 | C14: =IFERROR(IF(MAX(Regional_Indicators!$C$9:$C$20)=MIN(Regional_Indicators!$C$9:$C$20),0,(MAX(Regional_Indicators!$C$9:$C$20)-Regional_Indicators!C19)/(MAX(Regional_Indicators!$C$9:$C$20)-MIN(Regional_Indicators!$C$9:$C$20))),"") -> 0.96240602 | D14: =IFERROR(IF(MAX(Regional_Indicators!$D$9:$D$20)=MIN(Regional_Indicators!$D$9:$D$20),0,(MAX(Regional_Indicators!$D$9:$D$20)-Regional_Indicators!D19)/(MAX(Regional_Indicators!$D$9:$D$20)-MIN(Regional_Indicators!$D$9:$D$20))),"") -> 0.91428571 | E14: =IFERROR(IF(MAX(Regional_Indicators!$E$9:$E$20)=MIN(Regional_Indicators!$E$9:$E$20),0,(MAX(Regional_Indicators!$E$9:$E$20)-Regional_Indicators!E19)/(MAX(Regional_Indicators!$E$9:$E$20)-MIN(Regional_Indicators!$E$9:$E$20))),"") -> 0.15880513 | F14: =IFERROR(IF(MAX(Regional_Indicators!$F$9:$F$20)=MIN(Regional_Indicators!$F$9:$F$20),0,(Regional_Indicators!F19-MIN(Regional_Indicators!$F$9:$F$20))/(MAX(Regional_Indicators!$F$9:$F$20)-MIN(Regional_Indicators!$F$9:$F$20))),"") -> 0.11111111 | G14: =IFERROR(IF(MAX(Regional_Indicators!$G$9:$G$20)=MIN(Regional_Indicators!$G$9:$G$20),0,(Regional_Indicators!G19-MIN(Regional_Indicators!$G$9:$G$20))/(MAX(Regional_Indicators!$G$9:$G$20)-MIN(Regional_Indicators!$G$9:$G$20))),"") -> 0.92857143 | H14: =0 -> 0 | I14: =IFERROR(IF(MAX(Regional_Indicators!$I$9:$I$20)=MIN(Regional_Indicators!$I$9:$I$20),0,(MAX(Regional_Indicators!$I$9:$I$20)-Regional_Indicators!I19)/(MAX(Regional_Indicators!$I$9:$I$20)-MIN(Regional_Indicators!$I$9:$I$20))),"") -> 0.68 | J14: =IFERROR(IF(MAX(Regional_Indicators!$J$9:$J$20)=MIN(Regional_Indicators!$J$9:$J$20),0,(MAX(Regional_Indicators!$J$9:$J$20)-Regional_Indicators!J19)/(MAX(Regional_Indicators!$J$9:$J$20)-MIN(Regional_Indicators!$J$9:$J$20))),"") -> 0.71428571 | K14: =IFERROR(IF(MAX(Regional_Indicators!$K$9:$K$20)=MIN(Regional_Indicators!$K$9:$K$20),0,(MAX(Regional_Indicators!$K$9:$K$20)-Regional_Indicators!K19)/(MAX(Regional_Indicators!$K$9:$K$20)-MIN(Regional_Indicators!$K$9:$K$20))),"") -> 0.88076923 | L14: =IFERROR(IF(MAX(Regional_Indicators!$L$9:$L$20)=MIN(Regional_Indicators!$L$9:$L$20),0,(Regional_Indicators!L19-MIN(Regional_Indicators!$L$9:$L$20))/(MAX(Regional_Indicators!$L$9:$L$20)-MIN(Regional_Indicators!$L$9:$L$20))),"") -> 1
A15: Dakhla-Oued Ed-Dahab | B15: =IFERROR(IF(MAX(Regional_Indicators!$B$9:$B$20)=MIN(Regional_Indicators!$B$9:$B$20),0,(Regional_Indicators!B20-MIN(Regional_Indicators!$B$9:$B$20))/(MAX(Regional_Indicators!$B$9:$B$20)-MIN(Regional_Indicators!$B$9:$B$20))),"") -> 1 | C15: =IFERROR(IF(MAX(Regional_Indicators!$C$9:$C$20)=MIN(Regional_Indicators!$C$9:$C$20),0,(MAX(Regional_Indicators!$C$9:$C$20)-Regional_Indicators!C20)/(MAX(Regional_Indicators!$C$9:$C$20)-MIN(Regional_Indicators!$C$9:$C$20))),"") -> 1 | D15: =IFERROR(IF(MAX(Regional_Indicators!$D$9:$D$20)=MIN(Regional_Indicators!$D$9:$D$20),0,(MAX(Regional_Indicators!$D$9:$D$20)-Regional_Indicators!D20)/(MAX(Regional_Indicators!$D$9:$D$20)-MIN(Regional_Indicators!$D$9:$D$20))),"") -> 1 | E15: =IFERROR(IF(MAX(Regional_Indicators!$E$9:$E$20)=MIN(Regional_Indicators!$E$9:$E$20),0,(MAX(Regional_Indicators!$E$9:$E$20)-Regional_Indicators!E20)/(MAX(Regional_Indicators!$E$9:$E$20)-MIN(Regional_Indicators!$E$9:$E$20))),"") -> 0 | F15: =IFERROR(IF(MAX(Regional_Indicators!$F$9:$F$20)=MIN(Regional_Indicators!$F$9:$F$20),0,(Regional_Indicators!F20-MIN(Regional_Indicators!$F$9:$F$20))/(MAX(Regional_Indicators!$F$9:$F$20)-MIN(Regional_Indicators!$F$9:$F$20))),"") -> 0 | G15: =IFERROR(IF(MAX(Regional_Indicators!$G$9:$G$20)=MIN(Regional_Indicators!$G$9:$G$20),0,(Regional_Indicators!G20-MIN(Regional_Indicators!$G$9:$G$20))/(MAX(Regional_Indicators!$G$9:$G$20)-MIN(Regional_Indicators!$G$9:$G$20))),"") -> 1 | H15: =0 -> 0 | I15: =IFERROR(IF(MAX(Regional_Indicators!$I$9:$I$20)=MIN(Regional_Indicators!$I$9:$I$20),0,(MAX(Regional_Indicators!$I$9:$I$20)-Regional_Indicators!I20)/(MAX(Regional_Indicators!$I$9:$I$20)-MIN(Regional_Indicators!$I$9:$I$20))),"") -> 0.6 | J15: =IFERROR(IF(MAX(Regional_Indicators!$J$9:$J$20)=MIN(Regional_Indicators!$J$9:$J$20),0,(MAX(Regional_Indicators!$J$9:$J$20)-Regional_Indicators!J20)/(MAX(Regional_Indicators!$J$9:$J$20)-MIN(Regional_Indicators!$J$9:$J$20))),"") -> 0.57142857 | K15: =IFERROR(IF(MAX(Regional_Indicators!$K$9:$K$20)=MIN(Regional_Indicators!$K$9:$K$20),0,(MAX(Regional_Indicators!$K$9:$K$20)-Regional_Indicators!K20)/(MAX(Regional_Indicators!$K$9:$K$20)-MIN(Regional_Indicators!$K$9:$K$20))),"") -> 0.96153846 | L15: =IFERROR(IF(MAX(Regional_Indicators!$L$9:$L$20)=MIN(Regional_Indicators!$L$9:$L$20),0,(Regional_Indicators!L20-MIN(Regional_Indicators!$L$9:$L$20))/(MAX(Regional_Indicators!$L$9:$L$20)-MIN(Regional_Indicators!$L$9:$L$20))),"") -> 1

Sheet Regional_CTVI
A1: Morocco — Regional CTVI (12 administrative regions)
A2: Pillar sub-indices = simple mean of relevant normalised indicators on Regional_Normalized.
A4: Region | B4: E_index | C4: S_index | D4: AC_SE_index | E4: AC_TECH_index | F4: CTVI | G4: Rank
A5: Tanger-Tétouan-Al Hoceïma | B5: =IFERROR(AVERAGE(Regional_Normalized!B4,Regional_Normalized!C4,Regional_Normalized!D4),"") -> 0.12121212 | C5: =IFERROR(AVERAGE(Regional_Normalized!F4,Regional_Normalized!G4,Regional_Normalized!L4),"") -> 0.30555556 | D5: =IFERROR(AVERAGE(Regional_Normalized!E4),"") -> 0.77360089 | E5: =IFERROR(AVERAGE(Regional_Normalized!I4,Regional_Normalized!J4,Regional_Normalized!K4),"") -> 0.23047619 | F5: =wE*B5+wS*C5+wAC*(D5)+wT*(E5) -> 0.33055495 | G5: =RANK(F5,$F$5:$F$16,0) -> 12
A6: Oriental | B6: =IFERROR(AVERAGE(Regional_Normalized!B5,Regional_Normalized!C5,Regional_Normalized!D5),"") -> 0.41212121 | C6: =IFERROR(AVERAGE(Regional_Normalized!F5,Regional_Normalized!G5,Regional_Normalized!L5),"") -> 0.5952381 | D6: =IFERROR(AVERAGE(Regional_Normalized!E5),"") -> 0.86644081 | E6: =IFERROR(AVERAGE(Regional_Normalized!I5,Regional_Normalized!J5,Regional_Normalized!K5),"") -> 0.42498168 | F6: =wE*B6+wS*C6+wAC*(D6)+wT*(E6) -> 0.55262249 | G6: =RANK(F6,$F$5:$F$16,0) -> 8
A7: Fès-Meknès | B7: =IFERROR(AVERAGE(Regional_Normalized!B6,Regional_Normalized!C6,Regional_Normalized!D6),"") -> 0.14837093 | C7: =IFERROR(AVERAGE(Regional_Normalized!F6,Regional_Normalized!G6,Regional_Normalized!L6),"") -> 0.47883598 | D7: =IFERROR(AVERAGE(Regional_Normalized!E6),"") -> 0.88109975 | E7: =IFERROR(AVERAGE(Regional_Normalized!I6,Regional_Normalized!J6,Regional_Normalized!K6),"") -> 0.58695971 | F7: =wE*B7+wS*C7+wAC*(D7)+wT*(E7) -> 0.50910959 | G7: =RANK(F7,$F$5:$F$16,0) -> 9
A8: Rabat-Salé-Kénitra | B8: =IFERROR(AVERAGE(Regional_Normalized!B7,Regional_Normalized!C7,Regional_Normalized!D7),"") -> 0.20519481 | C8: =IFERROR(AVERAGE(Regional_Normalized!F7,Regional_Normalized!G7,Regional_Normalized!L7),"") -> 0.36772487 | D8: =IFERROR(AVERAGE(Regional_Normalized!E7),"") -> 0.616848 | E8: =IFERROR(AVERAGE(Regional_Normalized!I7,Regional_Normalized!J7,Regional_Normalized!K7),"") -> 0.40300366 | F8: =wE*B8+wS*C8+wAC*(D8)+wT*(E8) -> 0.38750062 | G8: =RANK(F8,$F$5:$F$16,0) -> 10
A9: Béni Mellal-Khénifra | B9: =IFERROR(AVERAGE(Regional_Normalized!B8,Regional_Normalized!C8,Regional_Normalized!D8),"") -> 0.29806334 | C9: =IFERROR(AVERAGE(Regional_Normalized!F8,Regional_Normalized!G8,Regional_Normalized!L8),"") -> 0.53571429 | D9: =IFERROR(AVERAGE(Regional_Normalized!E8),"") -> 0.93810672 | E9: =IFERROR(AVERAGE(Regional_Normalized!I8,Regional_Normalized!J8,Regional_Normalized!K8),"") -> 0.69956044 | F9: =wE*B9+wS*C9+wAC*(D9)+wT*(E9) -> 0.60593388 | G9: =RANK(F9,$F$5:$F$16,0) -> 6
A10: Casablanca-Settat | B10: =IFERROR(AVERAGE(Regional_Normalized!B9,Regional_Normalized!C9,Regional_Normalized!D9),"") -> 0.32631579 | C10: =IFERROR(AVERAGE(Regional_Normalized!F9,Regional_Normalized!G9,Regional_Normalized!L9),"") -> 0.38095238 | D10: =IFERROR(AVERAGE(Regional_Normalized!E9),"") -> 0.42346407 | E10: =IFERROR(AVERAGE(Regional_Normalized!I9,Regional_Normalized!J9,Regional_Normalized!K9),"") -> 0.27435897 | F10: =wE*B10+wS*C10+wAC*(D10)+wT*(E10) -> 0.34381755 | G10: =RANK(F10,$F$5:$F$16,0) -> 11
A11: Marrakech-Safi | B11: =IFERROR(AVERAGE(Regional_Normalized!B10,Regional_Normalized!C10,Regional_Normalized!D10),"") -> 0.56290727 | C11: =IFERROR(AVERAGE(Regional_Normalized!F10,Regional_Normalized!G10,Regional_Normalized!L10),"") -> 0.50396825 | D11: =IFERROR(AVERAGE(Regional_Normalized!E10),"") -> 0.94901948 | E11: =IFERROR(AVERAGE(Regional_Normalized!I10,Regional_Normalized!J10,Regional_Normalized!K10),"") -> 0.61355311 | F11: =wE*B11+wS*C11+wAC*(D11)+wT*(E11) -> 0.64058871 | G11: =RANK(F11,$F$5:$F$16,0) -> 4
A12: Drâa-Tafilalet | B12: =IFERROR(AVERAGE(Regional_Normalized!B11,Regional_Normalized!C11,Regional_Normalized!D11),"") -> 0.78528139 | C12: =IFERROR(AVERAGE(Regional_Normalized!F11,Regional_Normalized!G11,Regional_Normalized!L11),"") -> 0.58201058 | D12: =IFERROR(AVERAGE(Regional_Normalized!E11),"") -> 1 | E12: =IFERROR(AVERAGE(Regional_Normalized!I11,Regional_Normalized!J11,Regional_Normalized!K11),"") -> 0.76153846 | F12: =wE*B12+wS*C12+wAC*(D12)+wT*(E12) -> 0.77028453 | G12: =RANK(F12,$F$5:$F$16,0) -> 1
A13: Souss-Massa | B13: =IFERROR(AVERAGE(Regional_Normalized!B12,Regional_Normalized!C12,Regional_Normalized!D12),"") -> 0.61289588 | C13: =IFERROR(AVERAGE(Regional_Normalized!F12,Regional_Normalized!G12,Regional_Normalized!L12),"") -> 0.61375661 | D13: =IFERROR(AVERAGE(Regional_Normalized!E12),"") -> 0.81106261 | E13: =IFERROR(AVERAGE(Regional_Normalized!I12,Regional_Normalized!J12,Regional_Normalized!K12),"") -> 0.39765568 | F13: =wE*B13+wS*C13+wAC*(D13)+wT*(E13) -> 0.58817235 | G13: =RANK(F13,$F$5:$F$16,0) -> 7
A14: Guelmim-Oued Noun | B14: =IFERROR(AVERAGE(Regional_Normalized!B13,Regional_Normalized!C13,Regional_Normalized!D13),"") -> 0.75807701 | C14: =IFERROR(AVERAGE(Regional_Normalized!F13,Regional_Normalized!G13,Regional_Normalized!L13),"") -> 0.64285714 | D14: =IFERROR(AVERAGE(Regional_Normalized!E13),"") -> 0.59554368 | E14: =IFERROR(AVERAGE(Regional_Normalized!I13,Regional_Normalized!J13,Regional_Normalized!K13),"") -> 0.85714286 | F14: =wE*B14+wS*C14+wAC*(D14)+wT*(E14) -> 0.72648513 | G14: =RANK(F14,$F$5:$F$16,0) -> 2
A15: Laâyoune-Sakia El Hamra | B15: =IFERROR(AVERAGE(Regional_Normalized!B14,Regional_Normalized!C14,Regional_Normalized!D14),"") -> 0.92859421 | C15: =IFERROR(AVERAGE(Regional_Normalized!F14,Regional_Normalized!G14,Regional_Normalized!L14),"") -> 0.67989418 | D15: =IFERROR(AVERAGE(Regional_Normalized!E14),"") -> 0.15880513 | E15: =IFERROR(AVERAGE(Regional_Normalized!I14,Regional_Normalized!J14,Regional_Normalized!K14),"") -> 0.75835165 | F15: =wE*B15+wS*C15+wAC*(D15)+wT*(E15) -> 0.66138862 | G15: =RANK(F15,$F$5:$F$16,0) -> 3
A16: Dakhla-Oued Ed-Dahab | B16: =IFERROR(AVERAGE(Regional_Normalized!B15,Regional_Normalized!C15,Regional_Normalized!D15),"") -> 1 | C16: =IFERROR(AVERAGE(Regional_Normalized!F15,Regional_Normalized!G15,Regional_Normalized!L15),"") -> 0.66666667 | D16: =IFERROR(AVERAGE(Regional_Normalized!E15),"") -> 0 | E16: =IFERROR(AVERAGE(Regional_Normalized!I15,Regional_Normalized!J15,Regional_Normalized!K15),"") -> 0.71098901 | F16: =wE*B16+wS*C16+wAC*(D16)+wT*(E16) -> 0.62996337 | G16: =RANK(F16,$F$5:$F$16,0) -> 5

Sheet Variable_Definitions
A1: Variable Definitions — codebook with direct source links and access steps
A2: Click any URL in column H to open the dataset directly. Column I gives the step-by-step access procedure (manual or programmatic) so the dataset is fully replicable.
A4: Code | B4: Label | C4: Unit | D4: Direction | E4: Pillar | F4: Scope | G4: Source | H4: Direct URL | I4: Access steps
A5: — NATIONAL INDICATORS —
A6: TEMP_MEAN | B6: Mean annual temperature | C6: °C | D6: V | E6: E | F6: National | G6: World Bank Climate Change Knowledge Portal — Morocco | H6: https://climateknowledgeportal.worldbank.org/country/morocco/climate-data-historical | I6: 1. Open the URL. 2. In the "Variable" dropdown choose "Mean Surface Air Temperature". 3. Set "Frequency" = Annual; set "Period" = 2000–2024. 4. The chart shows annual values; click the download icon (top-right) → choose CSV. 5. Cross-check with CRU TS v4 at https://crudata.uea.ac.uk/cru/data/hrg/ (Morocco country mask).
A7: TEMP_ANOM | B7: Temperature anomaly vs 1961–1990 | C7: °C | D7: V | E7: E | F7: National | G7: Derived from TEMP_MEAN (this study) | H7: https://climateknowledgeportal.worldbank.org/country/morocco/climate-data-historical | I7: 1. Download mean annual temperature as in TEMP_MEAN. 2. Compute the 1961–1990 baseline mean (CCKP reports ≈17.6 °C for Morocco). 3. Subtract the baseline from each annual value to obtain the anomaly. 4. Formula in this workbook: TEMP_ANOM_y = TEMP_MEAN_y − 17.6.
A8: PRECIP | B8: Mean annual precipitation | C8: mm | D8: C | E8: E | F8: National | G8: World Bank Climate Change Knowledge Portal — Morocco | H8: https://climateknowledgeportal.worldbank.org/country/morocco/climate-data-historical | I8: 1. Open the URL. 2. In "Variable" choose "Precipitation". 3. Set Frequency = Annual; Period = 2000–2024. 4. Download CSV. 5. Optional cross-check: CRU TS v4 monthly precipitation for Morocco mask, aggregated annually.
A9: SPEI_PROXY | B9: Drought proxy (precip z-score 2000–2024) | C9: z-score | D9: C | E9: E | F9: National | G9: Derived from PRECIP (this study) | H9: https://spei.csic.es/database.html | I9: 1. For the proxy used here: take PRECIP series 2000–2024, compute mean and std dev, and standardise (z-score). 2. For the full SPEI: download SPEI Global Drought Monitor data from https://spei.csic.es/database.html. 3. Choose the SPEI-12 product (12-month integration window) and extract Morocco grid cells, then average annually.
A10: HEATWAVE_DAYS | B10: Heatwave days (>35 °C, national avg) | C10: days | D10: V | E10: E | F10: National | G10: World Bank CCKP — Climate Extremes | H10: https://climateknowledgeportal.worldbank.org/country/morocco/climate-data-historical | I10: 1. Open the URL → "Climate" tab → "Extremes" sub-section. 2. Choose the indicator "Number of days with maximum temperature above 35 °C" (TX35d). 3. Set Frequency = Annual; Period = 2000–2024. 4. Download CSV. 5. The values in this workbook are estimates aligned to CCKP trends — replace with the official CCKP TX35d series for publication.
A11: AGRI_GDP | B11: Agriculture, value added | C11: % GDP | D11: V | E11: S | F11: National | G11: World Bank WDI — NV.AGR.TOTL.ZS | H11: https://data.worldbank.org/indicator/NV.AGR.TOTL.ZS?locations=MA | I11: 1. Open the URL (already filtered to Morocco). 2. Click "Download" (top-right of the chart). 3. Choose "Excel" or "CSV" format. 4. The file contains the full 1960–latest series; filter rows for years 2000–2024. 5. API alternative: https://api.worldbank.org/v2/country/MA/indicator/NV.AGR.TOTL.ZS?format=json
A12: AGRI_EMP | B12: Agriculture employment | C12: % total employment | D12: V | E12: S | F12: National | G12: World Bank WDI — SL.AGR.EMPL.ZS (modelled ILO) | H12: https://data.worldbank.org/indicator/SL.AGR.EMPL.ZS?locations=MA | I12: 1. Open the URL. 2. Click "Download" → choose CSV/Excel. 3. Filter to years 2000–2024. 4. Note: this is a modelled ILO estimate; for primary data, see ILOSTAT at https://ilostat.ilo.org/data/.
A13: WATER_PC | B13: Renewable freshwater per capita | C13: m³/person/yr | D13: C | E13: S | F13: National | G13: FAO AQUASTAT | H13: https://data.apps.fao.org/aquastat/?lang=en&country=MAR | I13: 1. Open the URL — page is pre-filtered to Morocco (MAR). 2. Under "Water Resources" select "Total renewable water resources per capita". 3. Click "Export" → CSV. 4. Note: AQUASTAT updates every ~5 years; intermediate years in this dataset are linearly interpolated between official points.
A14: RURAL_PCT | B14: Rural population | C14: % of total | D14: V | E14: S | F14: National | G14: World Bank WDI — SP.RUR.TOTL.ZS | H14: https://data.worldbank.org/indicator/SP.RUR.TOTL.ZS?locations=MA | I14: 1. Open the URL. 2. Click Download → Excel/CSV. 3. Filter to 2000–2024. 4. Source notes: based on UN World Urbanization Prospects.
A15: GDP_PC_PPP | B15: GDP per capita, PPP | C15: current intl $ | D15: C | E15: AC_SE | F15: National | G15: World Bank WDI — NY.GDP.PCAP.PP.CD | H15: https://data.worldbank.org/indicator/NY.GDP.PCAP.PP.CD?locations=MA | I15: 1. Open the URL. 2. Click Download → Excel/CSV. 3. Filter to 2000–2024. 4. Cross-check with IMF World Economic Outlook (April or October release) at https://www.imf.org/en/Publications/WEO/weo-database/2024/October.
A16: HDI | B16: Human Development Index | C16: 0–1 | D16: C | E16: AC_SE | F16: National | G16: UNDP Human Development Report — Data Center | H16: https://hdr.undp.org/data-center/specific-country-data#/countries/MAR | I16: 1. Open the URL — pre-filtered to Morocco (MAR). 2. Scroll to "Human Development Index (HDI)" panel. 3. Click "Download data" → CSV. 4. The composite HDI series is provided for 1990–latest; filter 2000–2024. 5. Bulk option: https://hdr.undp.org/sites/default/files/2023-24_HDR/HDR23-24_Composite_indices_complete_time_series.csv
A17: GOV_EFF | B17: Government Effectiveness percentile | C17: 0–100 | D17: C | E17: AC_SE | F17: National | G17: World Bank Worldwide Governance Indicators (WGI) | H17: https://www.worldbank.org/en/publication/worldwide-governance-indicators/interactive-data-access | I17: 1. Open the URL. 2. Click "Interactive Data Access". 3. Select Country = Morocco; Indicator = Government Effectiveness; choose "Percentile Rank". 4. Click Download → Excel. 5. WGI is now released annually; filter 2000–2024.
... A26: NDGAIN_R | B26: ND-GAIN Readiness score | C26: 0–1 | D26: C | E26: REF | F26: National | G26: University of Notre Dame — ND-GAIN Country Index | H26: https://gain.nd.edu/our-work/country-index/download-data/ | I26: 1. Same archive as NDGAIN_V. 2. Open readiness.csv → filter to ISO3 = MAR. 3. Years 2000–2023 official; 2024 carried forward.
A27: — REGIONAL INDICATORS —
A28: TEMP_MEAN_REG | B28: Mean annual temperature (regional centroid) | C28: °C | D28: V | E28: E | F28: Regional | G28: World Bank CCKP gridded data | H28: https://climateknowledgeportal.worldbank.org/download-data | I28: 1. Open the URL. 2. Choose product = "ERA5 / CRU gridded historical". 3. Download monthly NetCDF for 2014–2023. 4. Extract the grid cell at each region's administrative centroid (or spatial average over the region polygon using HCP regional shapefiles). 5. Compute the 10-year mean.
A29: PRECIP_REG | B29: Mean annual precipitation (regional centroid) | C29: mm | D29: C | E29: E | F29: Regional | G29: World Bank CCKP gridded data | H29: https://climateknowledgeportal.worldbank.org/download-data | I29: 1. Same workflow as TEMP_MEAN_REG. 2. Variable = precipitation (monthly), aggregated to annual totals. 3. Average over 2014–2023.
A30: SPEI_REG | B30: Regional aridity / drought proxy | C30: z-score | D30: C | E30: E | F30: Regional | G30: Derived from PRECIP_REG (this study) | H30: https://spei.csic.es/database.html | I30: 1. For the proxy: standardise PRECIP_REG values across the 12 regions (z-score within the cross-section). 2. For the full SPEI: download SPEI Global Drought Monitor at the URL. 3. Extract per-region grid cells and average over 2014–2023.
A31: GDP_PC_REG | B31: GDP per capita (regional) | C31: MAD | D31: C | E31: AC_SE | F31: Regional | G31: HCP — Comptes régionaux 2022 | H31: https://www.hcp.ma/Comptes-regionaux_a724.html | I31: 1. Open the URL (HCP, French). 2. Click on the latest "Comptes régionaux" publication (2022 anchor used here; 2023 published Sept 2025). 3. Download the Excel annex containing GDP and GDP per capita for the 12 regions. 4. The dataset uses 2022 figures as the anchor; update to 2023 once HCP publishes the corresponding annex.
A32: AGRI_GDP_REG | B32: Agriculture share of regional GDP | C32: % | D32: V | E32: S | F32: Regional | G32: HCP regional accounts (estimated) | H32: https://www.hcp.ma/Comptes-regionaux_a724.html | I32: 1. From the same HCP regional accounts file, take "Valeur ajoutée par branche d'activité" by region. 2. Divide the agriculture branch value-added by the regional total to obtain the share. 3. The figures in this workbook are estimates aligned to HCP totals; replace with the exact branch-level table for publication.
A33: URBAN_REG | B33: Urbanisation rate | C33: % of regional population | D33: V | E33: S | F33: Regional | G33: HCP RGPH 2014 / 2024 census | H33: https://www.hcp.ma/Recensement-General-de-la-Population-et-de-l-Habitat-2024_a3669.html | I33: 1. Open the URL. 2. Download the regional results bulletin from RGPH 2024 (preliminary results published in early 2025). 3. Take the "Taux d'urbanisation" column for each region. 4. For 2014 baseline figures: https://www.hcp.ma/Recensement-General-de-la-Population-et-de-l-Habitat-2014_a633.html.
A34: POP_REG | B34: Population | C34: million | D34: REF | E34: REF | F34: Regional | G34: HCP RGPH 2024 (preliminary) | H34: https://www.hcp.ma/Recensement-General-de-la-Population-et-de-l-Habitat-2024_a3669.html | I34: 1. Open the URL. 2. Download the "Population légale" bulletin. 3. Sum male + female population per region; convert to millions.
A35: INTERNET_REG | B35: Internet penetration (regional) | C35: % individuals | D35: C | E35: AC_TECH | F35: Regional | G35: ANRT — Observatoire des indicateurs régionaux | H35: https://www.anrt.ma/sites/default/files/publications/observatoire_indicateurs_regionaux_2023.pdf | I35: 1. Open the URL (PDF, French). 2. Section "Indicateurs régionaux des télécommunications". 3. Take the column "Taux de pénétration Internet" for each region. 4. ANRT publishes this annually; check for the most recent edition at https://www.anrt.ma/publications.
A36: MOBILE_REG | B36: Mobile subscriptions (regional) | C36: per 100 pop | D36: C | E36: AC_TECH | F36: Regional | G36: ANRT — Observatoire des indicateurs régionaux | H36: https://www.anrt.ma/sites/default/files/publications/observatoire_indicateurs_regionaux_2023.pdf | I36: 1. Same publication as INTERNET_REG. 2. Take the column "Taux de pénétration mobile".
A37: RE_MW_REG | B37: Installed renewable capacity | C37: MW | D37: C | E37: AC_TECH | F37: Regional | G37: MASEN / ONEE / IRENA project locations | H37: https://www.masen.ma/en/projects | I37: 1. Open MASEN project page. 2. List each project (Noor Ouarzazate, Noor Midelt, Noor Tafilalt, Tarfaya wind, etc.) with its installed MW. 3. Map each project to the administrative region where it is located. 4. Sum capacity by region. 5. Cross-check totals against ONEE annual report and IRENA country capacity totals.
A38: WATER_STRESS_REG | B38: Baseline water stress | C38: 0–1 | D38: V | E38: S | F38: Regional | G38: WRI Aqueduct 4.0 | H38: https://www.wri.org/applications/aqueduct/water-risk-atlas/ | I38: 1. Open the URL. 2. Choose "Baseline Water Stress" indicator → zoom to Morocco. 3. Use the "Download" tool to export the GeoTIFF or shapefile. 4. Aggregate (area-weighted mean) by Moroccan administrative region shapefile (HCP). 5. Alternatively, use the zonal-statistics tool inside Aqueduct's analysis page.

Sheet QA_Log
A1: Quality Assurance Log
A2: Automated checks run against the workbook. PASS = check satisfied; WARN = informational flag (e.g. estimated/interpolated value); FAIL = blocking issue (must be addressed before publication).
A4: Check ID | B4: Description | C4: Expected | D4: Observed | E4: Status
A5: QA-01 | B5: All normalised national values lie within [0, 1] | C5: all in [0,1] | D5: 489 numeric cells checked, 0 out of range | E5: PASS
A6: QA-02 | B6: All normalised regional values lie within [0, 1] | C6: all in [0,1] | D6: 132 numeric cells checked, 0 out of range | E6: PASS
A7: QA-03 | B7: National CTVI bounded in [0, 1] for all years | C7: 0 ≤ CTVI ≤ 1 | D7: 0 year(s) outside bounds | E7: PASS
A8: QA-04 | B8: Regional CTVI bounded in [0, 1] for all 12 regions | C8: 0 ≤ CTVI ≤ 1 | D8: 0 region(s) outside bounds | E8: PASS
A9: QA-05 | B9: Pillar weights sum to 1.00 | C9: 1.00 | D9: 1.0000 | E9: PASS
A10: QA-06 | B10: Internet penetration is monotonically rising (2000 < 2024) | C10: INTERNET_2024 > INTERNET_2000 | D10: 2000=0.7%, 2024=90.7% | E10: PASS
A11: QA-07 | B11: Rural population share is monotonically falling (2000 > 2024) | C11: RURAL_2024 < RURAL_2000 | D11: 2000=46.8%, 2024=32.2% | E11: PASS
A12: QA-08 | B12: Mean annual temperature has risen (2024 > 2000) | C12: TEMP_2024 > TEMP_2000 | D12: 2000=18.1 °C, 2024=20.05 °C | E12: PASS
A13: QA-09 | B13: Renewables share of generation has risen (2024 > 2000) | C13: RE_2024 > RE_2000 | D13: 2000=5.5%, 2024=23% | E13: PASS
A14: QA-10 | B14: ND-GAIN Vulnerability 2023 within ±0.02 of published 0.343 | C14: 0.323 ≤ V_2023 ≤ 0.363 | D14: 0.343 | E14: PASS
A15: QA-11 | B15: ND-GAIN Readiness 2023 within ±0.02 of published 0.464 | C15: 0.444 ≤ R_2023 ≤ 0.484 | D15: 0.464 | E15: PASS
... A23: QA-19 | B23: Every indicator has a direct source URL | C23: 100% coverage | D23: 32/32 indicators with URL and access steps | E23: PASS
A26: SUMMARY
A27: Total checks | B27: 19
A28: Passed | B28: 16
A29: Warnings (informational) | B29: 3
A30: Failures | B30: 0
A32: QA METHODOLOGY
A33: 1. Bounds checks: every normalised value and composite index is verified to lie within the expected [0, 1] range (QA-01–QA-04). 2. Weight integrity: the four pillar weights must sum to 1.00 (QA-05). 3. Directional sanity: monotonic indicators (internet ↑, rural % ↓, temperature ↑, renewable share ↑) are tested for the expected sign of change between 2000 and 2024 (QA-06–QA-09). 4. External cross-validation: ND-GAIN reference values for 2023 are compared against the published Notre Dame figures within a ±0.02 tolerance (QA-10–QA-11). Regional GDP per capita anchors are checked against HCP's published 2022 Comptes régionaux (QA-12, QA-14, QA-15). 5. Top-rank verification: Dakhla-Oued Ed-Dahab is independently verified as the highest GDP/capita region per HCP (QA-13). 6. Formula integrity: LibreOffice recalculation confirms zero formula errors across 855 formulas (QA-16). 7. Provenance flags: tier 3 (estimated) and interpolated values are documented as informational warnings (QA-17, QA-18). 8. Source coverage: every indicator has a direct URL and step-by-step access guide on the Variable_Definitions sheet (QA-19).
A35: HOW TO RE-RUN QA
A36: After editing any data: 1. Recalculate formulas (Excel: Ctrl+Shift+F9; LibreOffice: Ctrl+Shift+F9; or run python recalc.py file.xlsx). 2. Re-run the QA script that built this sheet (see the project repository — update_definitions.py). 3. Inspect any rows in this log that flip from PASS to FAIL and resolve the data issue before using the CTVI for analysis.

Sheet Sources
A1: Data Sources
A3: Source | B3: Coverage | C3: URL
A4: World Bank, World Development Indicators (WDI) | B4: GDP per capita PPP, agriculture % GDP & employment, internet %, mobile per 100, rural % | C4: https://databank.worldbank.org/source/world-development-indicators
A5: World Bank, Climate Change Knowledge Portal (CCKP) | B5: Temperature, precipitation, climate extremes | C5: https://climateknowledgeportal.worldbank.org/country/morocco
A6: Climatic Research Unit (CRU TS v4) | B6: Gridded historical temperature and precipitation 1901–present | C6: https://crudata.uea.ac.uk/cru/data/hrg/
A7: University of Notre Dame ND-GAIN Country Index | B7: Vulnerability and Readiness scores, 2004–2023, CC BY licence | C7: https://gain-new.crc.nd.edu/country/morocco
A8: IRENA Renewable Energy Statistics 2025 | B8: Renewables share of electricity generation, capacity by technology | C8: https://www.irena.org/Data
A9: ANRE (Autorité Nationale de Régulation de l'Électricité) | B9: Morocco electricity mix shares, capacity by source | C9: https://www.anre.ma/
A10: UNDP Human Development Report | B10: HDI 2000–2024 | C10: https://hdr.undp.org/data-center
A11: World Bank Worldwide Governance Indicators (WGI) | B11: Government effectiveness | C11: https://www.worldbank.org/en/publication/worldwide-governance-indicators
A12: UNESCO Institute for Statistics (UIS) | B12: R&D expenditure % GDP | C12: https://data.uis.unesco.org/
A13: FAO AQUASTAT | B13: Renewable freshwater resources | C13: https://www.fao.org/aquastat/
A14: WIPO IP Statistics | B14: Patent applications, residents | C14: https://www.wipo.int/ipstats/
... A23: IPCC AR5 (2014) WGII & AR6 (2022) WGII | B23: Vulnerability framework specification | C23: https://www.ipcc.ch/
